episode,time,building_load,total_load,smp_price,reward,ev0_present,ev0_soc,ev0_charging_rate,ev0_arrival_time,ev0_departure_time,ev1_present,ev1_soc,ev1_charging_rate,ev1_arrival_time,ev1_departure_time,ev2_present,ev2_soc,ev2_charging_rate,ev2_arrival_time,ev2_departure_time,ev3_present,ev3_soc,ev3_charging_rate,ev3_arrival_time,ev3_departure_time,ev4_present,ev4_soc,ev4_charging_rate,ev4_arrival_time,ev4_departure_time,ev5_present,ev5_soc,ev5_charging_rate,ev5_arrival_time,ev5_departure_time,ev6_present,ev6_soc,ev6_charging_rate,ev6_arrival_time,ev6_departure_time,ev7_present,ev7_soc,ev7_charging_rate,ev7_arrival_time,ev7_departure_time,ev8_present,ev8_soc,ev8_charging_rate,ev8_arrival_time,ev8_departure_time,ev9_present,ev9_soc,ev9_charging_rate,ev9_arrival_time,ev9_departure_time,ev10_present,ev10_soc,ev10_charging_rate,ev10_arrival_time,ev10_departure_time,ev11_present,ev11_soc,ev11_charging_rate,ev11_arrival_time,ev11_departure_time,ev12_present,ev12_soc,ev12_charging_rate,ev12_arrival_time,ev12_departure_time,ev13_present,ev13_soc,ev13_charging_rate,ev13_arrival_time,ev13_departure_time,ev14_present,ev14_soc,ev14_charging_rate,ev14_arrival_time,ev14_departure_time,ev15_present,ev15_soc,ev15_charging_rate,ev15_arrival_time,ev15_departure_time,ev16_present,ev16_soc,ev16_charging_rate,ev16_arrival_time,ev16_departure_time,ev17_present,ev17_soc,ev17_charging_rate,ev17_arrival_time,ev17_departure_time,ev18_present,ev18_soc,ev18_charging_rate,ev18_arrival_time,ev18_departure_time,ev19_present,ev19_soc,ev19_charging_rate,ev19_arrival_time,ev19_departure_time
0,1,197.59524700031636,176.26197558392533,77.24179563594521,3853.2320823250307,1,29.712649604041587,5.0797973194107175,10,12,1,35.751404873814295,-4.6419149218133855,7,23,1,25.015084016921463,4.4630736624840335,6,21,1,45.658135811927835,-2.4841486819605816,2,16,1,37.77720252794801,-5.277677695638105,9,16,1,25.40656040952434,4.4434847170198815,2,22,1,43.33818459151519,-6.883401077543638,3,15,1,50.82732556028352,6.057078700211683,7,18,1,34.977064604578906,3.5348904264859087,0,14,1,28.355756244751582,5.591155854537272,10,12,1,55.15454713421321,-0.8577627622198132,1,21,1,48.209574560231594,-1.9557050677638845,9,13,1,54.16686688470128,-1.8247327283142996,11,19,1,21.969698998518766,-6.538247178275516,3,15,1,25.205531460934473,-4.27319350788668,11,17,1,17.12349633817498,-4.669978434652131,9,21,1,37.49125960954555,-3.8600678106463953,9,22,1,25.737906478024748,-3.482330457302779,4,18,1,31.511221815237032,-0.3379134696314896,4,20,1,35.352350408491816,-3.4156783028918327,0,22
0,2,176.40363716052096,149.39412793034708,20.068027639236725,2980.3757031203813,1,23.022281783532176,-4.683257474356587,10,12,1,27.31721993228892,-5.903929459067763,7,23,1,23.350641420103532,-1.1651098177725525,6,21,1,45.658135811927835,0.0,2,16,1,37.77720252794801,0.0,9,16,1,25.40656040952434,0.0,2,22,1,38.648832827294534,-3.2825462349544585,3,15,1,50.82732556028352,0.0,7,18,1,34.977064604578906,0.0,0,14,1,28.355756244751582,0.0,10,12,1,55.15454713421321,0.0,1,21,1,42.66665584804915,-3.8800430985277083,9,13,1,54.16686688470128,0.0,11,19,1,21.65777144804323,-0.21834928533287434,3,15,1,25.205531460934473,0.0,11,17,1,17.12349633817498,0.0,9,21,1,36.09769929934699,-0.9754922171389924,9,22,1,15.962863806170553,-6.842529870297937,4,18,1,31.511221815237032,0.0,4,20,1,35.26913359031323,-0.058251772725010476,0,22
0,3,159.93823017241553,167.25456320897138,-20.655922415367314,132.81581026897368,1,24.959938461360544,1.937656677828367,10,12,1,30.61260111415788,3.295381181868958,7,23,1,20.43991259849912,-2.0375101751230877,6,21,1,46.211880782672544,0.5537449707447126,2,16,1,42.849394669664456,5.072192141716442,9,16,1,16.915931672882444,-5.943440115649327,2,22,1,32.08622812863135,-4.593823289064232,3,15,1,43.69979231407167,-4.98927327234829,7,18,1,32.64412003522305,-1.633061198549103,0,14,1,27.110002060050235,-0.8720279292909441,10,12,1,55.51368597598039,0.35913884176717437,1,21,1,45.89757649037418,3.230920642325028,9,13,1,60.966633760689426,6.799766875988145,11,19,1,24.648613521926457,2.9908420738832255,3,15,1,30.419159949034015,5.213628488099541,11,17,1,22.0840212121121,4.9605248739371195,9,21,1,27.6031542988376,-5.946181500356573,9,22,1,6.678895549010633,-6.498777780011944,4,18,1,36.35164989235775,4.840428077120718,4,20,1,35.845337041983136,0.5762034516699024,0,22
0,4,152.7207461742847,125.40179360723553,-51.032876371825,-806.1402352772391,1,24.959938461360544,0.0,10,12,1,22.902842513623874,-5.396831020373805,7,23,1,10.702405141550207,-6.816255219864239,6,21,1,46.211880782672544,0.0,2,16,1,42.849394669664456,0.0,9,16,1,16.915931672882444,0.0,2,22,1,28.97119857511953,-2.1805206874582717,3,15,1,40.05068309575244,-2.554376452823462,7,18,1,32.64412003522305,0.0,0,14,1,22.98054372374112,-2.890620835416379,10,12,1,55.51368597598039,0.0,1,21,1,44.662243672746,-0.864732972339725,9,13,1,60.966633760689426,0.0,11,19,1,24.648613521926457,0.0,3,15,1,30.419159949034015,0.0,11,17,1,12.633142099578837,-6.615615378773283,9,21,1,27.6031542988376,0.0,9,22,1,6.678895549010633,0.0,4,18,1,36.35164989235775,0.0,4,20,1,35.845337041983136,0.0,0,22
0,5,142.2868296299466,103.9257142021473,0.0,-3147.933701020933,1,25.61262828969656,0.6526898283360161,10,12,1,29.80405610942826,6.901213595804385,7,23,1,12.541025981221939,1.8386208396717312,6,21,1,48.85241844566809,2.640537662995551,2,16,1,40.260776898296754,-1.8120324399573904,9,16,1,18.158373076006338,1.2424414031238937,2,22,1,19.009511394936304,-6.973181026128257,3,15,1,32.06567521297379,-5.589505517945059,7,18,1,29.00030891817325,-2.5506677819348584,0,14,1,15.846380951478404,-4.993913940583902,10,12,1,53.11678870614559,-1.6778280888843562,1,21,1,35.910038261602466,-6.126543787800473,9,13,1,54.70057623867102,-4.386240265412884,11,19,1,20.418207228126267,-2.9612844056601335,3,15,1,25.858747472252546,-3.192288733747029,11,17,1,6.48550443268036,-4.303346366828935,9,21,1,30.387594223983175,2.784439925145574,9,22,1,0.0,-4.675226884307443,4,18,1,30.73066013099419,-3.934692832954493,4,20,1,34.06775616950995,-1.244306610731233,0,22
0,6,179.39934459154986,157.91638130421367,42.38790450787419,0.0,1,26.707677494006717,1.095049204310156,10,12,1,31.19767735007457,1.3936212406463109,7,23,1,10.831575182123236,-1.1966155593690913,6,21,1,38.95404694440923,-6.928860050881207,2,16,1,35.165350890432414,-3.5667982055050387,9,16,1,17.70740264746328,-0.31567929998014077,2,22,1,17.23685712075548,-1.2408579919265774,3,15,1,34.74126723181216,2.675592018838371,7,18,1,35.97456487808695,6.974255959913704,0,14,1,12.01246794962317,-2.6837391012986638,10,12,1,53.33001846609118,0.2132297599455888,1,21,1,30.84869559932464,-3.5429398635944795,9,13,1,57.49871490986657,2.79813867119555,11,19,1,21.9128837754457,1.4946765473194332,3,15,1,18.049695733850093,-5.466336216881717,11,17,1,0.0,-4.539853102876252,9,21,1,24.64948408852188,-4.016677094822907,9,22,1,0.0,-0.0,4,18,1,30.409349945220136,-0.22491713004183556,4,20,1,27.77596606618509,-4.404253072327398,0,22
0,7,285.13918629233905,285.742068968339,173.13413881950518,609.1326549978942,1,31.272310047288347,4.564632553281631,10,12,1,26.75156889964341,-3.1122759153018142,7,23,1,14.738948435413622,3.907373253290385,6,21,1,40.21857135695067,1.2645244125414385,2,16,1,26.584651393676708,-6.006489647728996,9,16,1,18.6878366415685,0.9804339941052189,2,22,1,22.691404561298196,5.454547440542714,3,15,1,28.04398159578735,-4.688099945217367,7,18,1,26.5873092074403,-6.571078969452659,0,14,1,14.411873594798694,2.3994056451755235,10,12,1,57.851044913340665,4.521026447249484,1,21,1,26.512072859262737,-3.035635918043333,9,13,1,63.69846746347668,6.199752553610113,11,19,1,14.795944465837326,-4.98185751672586,3,15,1,21.30337263711302,3.253676903262927,11,17,1,0.0,-0.0,9,21,1,26.454714290772205,1.805230202250325,9,22,1,0.4951750115424234,0.4951750115424234,4,18,1,31.104197016181285,0.6948470709611481,4,20,1,18.429816209980366,-6.542304899343307,0,22
0,8,364.05925036585825,367.06727637079484,439.8648201136209,2206.0874519665495,1,34.90562497490012,3.633314927611778,10,12,1,16.86563402756604,-6.92015441045416,7,23,1,14.851960724870644,0.11301228945702202,6,21,1,42.48524409296629,2.2666727360156234,2,16,1,19.415438477291353,-5.01844904146975,9,16,1,24.438178946687085,5.750342305118585,2,22,1,17.688273609858005,-3.502191666008134,3,15,1,34.94131138567547,6.897329789888119,7,18,1,30.813062380203487,4.225753172763187,0,14,1,15.943483683117604,1.5316100883189108,10,12,1,52.749913835773555,-3.5707917542969794,1,21,1,25.87274165434008,-0.4475318434458617,9,13,1,54.95973227204237,-6.117114634004017,11,19,1,21.73938086605602,6.943436400218693,3,15,1,21.02699252274733,-0.19346608005598354,11,17,1,0.0,-0.0,9,21,1,30.92827669940977,4.473562408637564,9,22,1,4.418392739322168,3.923217727779744,4,18,1,25.31173350240271,-4.054724459645003,4,20,1,8.535813422133558,-6.925801951492767,0,22
0,9,483.00657068579744,455.4659097585115,617.9464787500289,17305.954092272674,1,34.90562497490012,0.0,10,12,1,16.86563402756604,0.0,7,23,1,6.961239431349731,-5.523504905464639,6,21,1,42.48524409296629,0.0,2,16,1,19.415438477291353,0.0,9,16,1,24.438178946687085,0.0,2,22,1,17.688273609858005,0.0,3,15,1,31.87783746355497,-2.144431745484349,7,18,1,30.813062380203487,0.0,0,14,1,13.646188182814361,-1.6081068502122697,10,12,1,52.749913835773555,0.0,1,21,1,18.903283877917183,-4.878620443496029,9,13,1,54.95973227204237,0.0,11,19,1,21.73938086605602,0.0,3,15,1,12.320387257042277,-6.094623685993538,11,17,1,0.0,-0.0,9,21,1,30.92827669940977,0.0,9,22,1,3.5555074968544886,-0.6040196697273754,4,18,1,22.050035438119036,-2.2831886449985714,4,20,1,2.244149162263273,-4.404164981909199,0,22
0,10,529.2436008736133,502.6998282562074,656.6805359766012,56162.23456658338,1,40.60788083033232,5.702255855432197,10,12,1,16.86563402756604,0.0,7,23,1,8.881784197001252e-16,-4.872867601944812,6,21,1,36.05418425158774,-4.501741888964985,2,16,1,19.415438477291353,0.0,9,16,1,24.438178946687085,0.0,2,22,1,17.688273609858005,0.0,3,15,1,22.830391989492238,-6.333211831843914,7,18,1,30.813062380203487,0.0,0,14,1,13.646188182814361,0.0,10,12,1,44.12244774785891,-6.039226261540254,1,21,1,18.903283877917183,0.0,9,13,1,54.139531485308524,-0.5741405507136959,11,19,1,21.73938086605602,0.0,3,15,1,11.719702850319148,-0.4204790847061901,11,17,1,0.0,0.0,9,21,1,23.150274425492867,-5.444601591741831,9,22,1,0.0,-2.488855247798142,4,18,1,22.050035438119036,0.0,4,20,1,0.0,-1.5709044135842911,0,22
0,11,535.6803567164352,522.2279181473172,704.4771819733402,95463.89598111066,1,40.60788083033232,0.0,10,12,1,16.86563402756604,0.0,7,23,1,0.0,-6.217248937900877e-16,6,21,1,33.58043492035792,-1.7316245318608723,2,16,1,19.415438477291353,0.0,9,16,1,24.438178946687085,0.0,2,22,1,17.688273609858005,0.0,3,15,1,22.830391989492238,0.0,7,18,1,30.813062380203487,0.0,0,14,1,13.646188182814361,0.0,10,12,1,44.12244774785891,0.0,1,21,1,25.48039739193876,6.577113514021576,9,13,1,46.346558578525645,-5.455081034748013,11,19,1,16.870695674627456,-3.408079633999996,3,15,1,3.099901203693662,-6.033861152637841,11,17,1,0.0,-0.0,9,21,1,18.29183766850309,-3.4009057298928456,9,22,1,0.0,0.0,4,18,1,22.050035438119036,0.0,4,20,1,0.0,-0.0,0,22
0,12,627.2677465806721,612.1262900317121,557.9140276853497,119027.20440047591,1,43.41439444079969,2.8065136104673725,10,12,1,7.065152943653068,-6.86033675873908,7,23,1,0.0,0.0,6,21,1,26.159540683730413,-5.194625965639256,2,16,1,19.415438477291353,0.0,9,16,1,20.21813147068399,-2.9540332332021664,2,22,1,17.688273609858005,0.0,3,15,1,22.830391989492238,0.0,7,18,1,30.813062380203487,0.0,0,14,1,13.646188182814361,0.0,10,12,1,40.943056222730036,-2.225574067590209,1,21,1,31.243261422064876,5.762864030126117,9,13,1,46.346558578525645,0.0,11,19,1,16.870695674627456,0.0,3,15,1,3.099901203693662,0.0,11,17,1,0.0,-0.0,9,21,1,11.90186183479269,-4.472983083597278,9,22,1,0.0,0.0,4,18,1,19.18820532271106,-2.0032810807855825,4,20,1,0.0,0.0,0,22
0,13,573.8031910302832,573.5800282773799,523.976076234612,610.9292696100389,0,0.0,0.0,-1,-1,1,7.065152943653068,0.0,7,23,1,0.0,-0.0,6,21,1,26.159540683730413,0.0,2,16,1,19.415438477291353,0.0,9,16,1,20.21813147068399,0.0,2,22,1,17.688273609858005,0.0,3,15,1,22.830391989492238,0.0,7,18,1,30.813062380203487,0.0,0,14,0,0.0,0.0,-1,-1,1,40.943056222730036,0.0,1,21,1,31.243261422064876,0.0,9,13,1,46.346558578525645,0.0,11,19,1,16.870695674627456,0.0,3,15,1,3.099901203693662,0.0,11,17,1,0.0,0.0,9,21,1,11.90186183479269,0.0,9,22,1,0.0,0.0,4,18,1,18.869401389992152,-0.22316275290323517,4,20,1,0.0,0.0,0,22
0,14,650.8094455029344,637.7902417108297,410.6961936517774,73233.54923995196,0,0.0,0.0,-1,-1,1,0.0054548321306508996,-4.941788678065691,7,23,1,0.0,0.0,6,21,1,26.159540683730413,0.0,2,16,1,25.812905698359067,6.397467221067712,9,16,1,10.860501605879673,-6.55034090536302,2,22,1,17.688273609858005,0.0,3,15,1,14.62286578894589,-5.7452683403824425,7,18,1,30.813062380203487,0.0,0,14,0,0.0,0.0,-1,-1,1,40.943056222730036,0.0,1,21,0,0.0,0.0,-1,-1,1,43.23331130800961,-2.1792730893612244,11,19,1,16.870695674627456,0.0,3,15,1,3.099901203693662,0.0,11,17,1,0.0,0.0,9,21,1,11.90186183479269,0.0,9,22,1,0.0,0.0,4,18,1,18.869401389992152,0.0,4,20,1,0.0,0.0,0,22
0,15,615.4088082071142,601.7061554794984,494.8314980377301,52487.96865153302,0,0.0,0.0,-1,-1,1,0.0,-0.003818382491455629,7,23,1,0.0,-0.0,6,21,1,26.159540683730413,0.0,2,16,1,25.812905698359067,0.0,9,16,1,10.860501605879673,0.0,2,22,1,17.688273609858005,0.0,3,15,1,14.62286578894589,0.0,7,18,0,0.0,0.0,-1,-1,0,0.0,0.0,-1,-1,1,40.943056222730036,0.0,1,21,0,0.0,0.0,-1,-1,1,39.40569111174282,-2.679334137386756,11,19,1,16.870695674627456,0.0,3,15,1,5.489256518894344,2.389355315200682,11,17,1,0.0,-0.0,9,21,1,1.9275527542498772,-6.98201635637997,9,22,1,0.0,-0.0,4,18,1,9.68820258062312,-6.426839166558324,4,20,1,0.0,-0.0,0,22
0,16,627.4925293485818,626.520313482605,834.8068800999888,21564.565833483084,0,0.0,0.0,-1,-1,1,0.0,0.0,7,23,1,0.0,-0.0,6,21,1,31.343255013768328,5.183714330037915,2,16,1,28.81568021619382,3.0027745178347525,9,16,1,10.860501605879673,0.0,2,22,0,0.0,0.0,-1,-1,1,14.650865411118783,0.027999622172892202,7,18,0,0.0,0.0,-1,-1,0,0.0,0.0,-1,-1,1,31.348928374078625,-6.715889494055987,1,21,0,0.0,0.0,-1,-1,1,39.40569111174282,0.0,11,19,0,0.0,0.0,-1,-1,1,5.489256518894344,0.0,11,17,1,0.0,0.0,9,21,1,0.0,-1.349286927974914,9,22,1,0.0,0.0,4,18,1,8.086019846349625,-1.1215279139914458,4,20,1,0.0,0.0,0,22
0,17,746.255067084286,748.3882834993018,1056.6662147980483,13582.816351526726,0,0.0,0.0,-1,-1,1,0.0,0.0,7,23,1,0.0,-0.0,6,21,0,0.0,0.0,-1,-1,0,0.0,0.0,-1,-1,1,10.860501605879673,0.0,2,22,0,0.0,0.0,-1,-1,1,19.495623233366086,4.844757822247302,7,18,0,0.0,0.0,-1,-1,0,0.0,0.0,-1,-1,1,31.348928374078625,0.0,1,21,0,0.0,0.0,-1,-1,1,39.40569111174282,0.0,11,19,0,0.0,0.0,-1,-1,1,8.43792900410761,2.948672485213267,11,17,1,0.0,0.0,9,21,1,0.0,-0.0,9,22,1,0.0,0.0,4,18,1,0.0,-5.660213892444738,4,20,1,0.0,-0.0,0,22
0,18,753.3487641653511,763.0145027217992,1179.875623717664,-10662.737257426597,0,0.0,0.0,-1,-1,1,0.0,-0.0,7,23,1,0.0,-0.0,6,21,0,0.0,0.0,-1,-1,0,0.0,0.0,-1,-1,1,10.860501605879673,0.0,2,22,0,0.0,0.0,-1,-1,1,19.495623233366086,0.0,7,18,0,0.0,0.0,-1,-1,0,0.0,0.0,-1,-1,1,31.348928374078625,0.0,1,21,0,0.0,0.0,-1,-1,1,44.870983266815934,5.465292155073118,11,19,0,0.0,0.0,-1,-1,0,0.0,0.0,-1,-1,1,0.0,0.0,9,21,1,0.0,0.0,9,22,1,4.200446401375026,4.200446401375026,4,18,1,0.0,0.0,4,20,1,0.0,0.0,0,22
0,19,670.6224567008651,673.0061137531245,711.9960975450665,15146.300811047673,0,0.0,0.0,-1,-1,1,0.0,-0.0,7,23,1,0.0,0.0,6,21,0,0.0,0.0,-1,-1,0,0.0,0.0,-1,-1,1,3.5740630167850664,-5.100507012366224,2,22,0,0.0,0.0,-1,-1,0,0.0,0.0,-1,-1,0,0.0,0.0,-1,-1,0,0.0,0.0,-1,-1,1,33.07484747164709,1.725919097568467,1,21,0,0.0,0.0,-1,-1,1,50.62922823387309,5.75824496705716,11,19,0,0.0,0.0,-1,-1,0,0.0,0.0,-1,-1,1,0.0,0.0,9,21,1,0.0,-0.0,9,22,0,0.0,0.0,-1,-1,1,0.0,0.0,4,20,1,0.0,0.0,0,22
0,20,583.0750485141972,595.3278093409084,411.8692373461759,-8994.666244251728,0,0.0,0.0,-1,-1,1,0.0,-0.0,7,23,1,0.0,0.0,6,21,0,0.0,0.0,-1,-1,0,0.0,0.0,-1,-1,1,9.609237569501708,6.035174552716642,2,22,0,0.0,0.0,-1,-1,0,0.0,0.0,-1,-1,0,0.0,0.0,-1,-1,0,0.0,0.0,-1,-1,1,33.07484747164709,0.0,1,21,0,0.0,0.0,-1,-1,0,0.0,0.0,-1,-1,0,0.0,0.0,-1,-1,0,0.0,0.0,-1,-1,1,1.52196085030089,1.52196085030089,9,21,1,0.0,0.0,9,22,0,0.0,0.0,-1,-1,1,4.6956254236937065,4.6956254236937065,4,20,1,0.0,0.0,0,22
0,21,409.3844800737724,421.35394055088835,269.22123544489386,-5586.7984534647385,0,0.0,0.0,-1,-1,1,1.8706424641543484,1.8706424641543484,7,23,1,0.0,0.0,6,21,0,0.0,0.0,-1,-1,0,0.0,0.0,-1,-1,1,12.214396020769222,2.6051584512675143,2,22,0,0.0,0.0,-1,-1,0,0.0,0.0,-1,-1,0,0.0,0.0,-1,-1,0,0.0,0.0,-1,-1,1,39.99467343592573,6.919825964278646,1,21,0,0.0,0.0,-1,-1,0,0.0,0.0,-1,-1,0,0.0,0.0,-1,-1,0,0.0,0.0,-1,-1,1,1.52196085030089,0.0,9,21,1,0.5738335974154114,0.5738335974154114,9,22,0,0.0,0.0,-1,-1,0,0.0,0.0,-1,-1,1,0.0,0.0,0,22
0,22,320.51030717731874,333.0109415583963,181.3110002358665,-4879.847497792874,0,0.0,0.0,-1,-1,1,7.182040851285098,5.31139838713075,7,23,0,0.0,0.0,-1,-1,0,0.0,0.0,-1,-1,0,0.0,0.0,-1,-1,1,12.214396020769222,0.0,2,22,0,0.0,0.0,-1,-1,0,0.0,0.0,-1,-1,0,0.0,0.0,-1,-1,0,0.0,0.0,-1,-1,0,0.0,0.0,-1,-1,0,0.0,0.0,-1,-1,0,0.0,0.0,-1,-1,0,0.0,0.0,-1,-1,0,0.0,0.0,-1,-1,0,0.0,0.0,-1,-1,1,5.881771693982078,5.307938096566666,9,22,0,0.0,0.0,-1,-1,0,0.0,0.0,-1,-1,1,1.8812978973801842,1.8812978973801842,0,22
0,23,250.53677771199204,250.53677771199204,113.78484607534043,-1984.5728552723965,0,0.0,0.0,-1,-1,1,7.182040851285098,0.0,7,23,0,0.0,0.0,-1,-1,0,0.0,0.0,-1,-1,0,0.0,0.0,-1,-1,0,0.0,0.0,-1,-1,0,0.0,0.0,-1,-1,0,0.0,0.0,-1,-1,0,0.0,0.0,-1,-1,0,0.0,0.0,-1,-1,0,0.0,0.0,-1,-1,0,0.0,0.0,-1,-1,0,0.0,0.0,-1,-1,0,0.0,0.0,-1,-1,0,0.0,0.0,-1,-1,0,0.0,0.0,-1,-1,0,0.0,0.0,-1,-1,0,0.0,0.0,-1,-1,0,0.0,0.0,-1,-1,0,0.0,0.0,-1,-1
0,24,217.70412156535076,217.70412156535076,87.86506944982465,-697.1562412646135,0,0.0,0.0,-1,-1,0,0.0,0.0,-1,-1,0,0.0,0.0,-1,-1,0,0.0,0.0,-1,-1,0,0.0,0.0,-1,-1,0,0.0,0.0,-1,-1,0,0.0,0.0,-1,-1,0,0.0,0.0,-1,-1,0,0.0,0.0,-1,-1,0,0.0,0.0,-1,-1,0,0.0,0.0,-1,-1,0,0.0,0.0,-1,-1,0,0.0,0.0,-1,-1,0,0.0,0.0,-1,-1,0,0.0,0.0,-1,-1,0,0.0,0.0,-1,-1,0,0.0,0.0,-1,-1,0,0.0,0.0,-1,-1,0,0.0,0.0,-1,-1,0,0.0,0.0,-1,-1
1,1,196.0789924644297,168.3160163995191,83.4726890566397,4925.527395277819,1,40.50028106535368,0.0,0,15,1,36.838269695118456,-0.025523318080133306,9,13,1,12.62355851979817,-6.549754186021489,5,21,1,57.45258826613969,0.0,11,20,1,53.55042671056562,0.0,1,21,1,20.844548955454076,-5.989754097846151,5,20,1,24.38821107363324,-5.5641616891347265,11,23,1,27.938315343325506,0.0,10,21,1,27.383991469526897,-2.4362928029587376,4,13,1,21.889654997281077,0.0,8,19,1,46.81517488333799,0.0,2,12,1,21.35551870509247,0.0,9,18,1,34.882736124237226,0.0,5,12,1,49.56802070591184,0.0,7,18,1,43.667479717035505,-2.023150103619737,1,22,1,50.24114862791734,0.0,11,22,1,50.350639690258085,-1.6557014004739183,10,12,1,42.84574157383388,0.0,4,13,1,49.96760399082724,-3.518638466775688,7,14,1,58.250423524847946,0.0,9,13
1,2,172.98494809925975,134.75429004403713,28.793994178964546,4558.87976039188,1,37.678780550236894,-1.9750503605817518,0,15,1,36.838269695118456,0.0,9,13,1,12.62355851979817,0.0,5,21,1,52.978305290461236,-3.131998082974918,11,20,1,53.55042671056562,0.0,1,21,1,20.844548955454076,0.0,5,20,1,21.815672672167974,-1.8007768810256872,11,23,1,20.43014283447019,-5.2557207561987225,10,21,1,19.195962398791547,-5.731620349514745,4,13,1,21.889654997281077,0.0,8,19,1,41.95656991160163,-3.4010234802154455,2,12,1,11.764346620786684,-6.713820459014052,9,18,1,34.882736124237226,0.0,5,12,1,49.56802070591184,0.0,7,18,1,43.667479717035505,0.0,1,22,1,50.24114862791734,0.0,11,22,1,50.350639690258085,0.0,10,12,1,38.19436139071955,-3.2559661281800283,4,13,1,49.96760399082724,0.0,7,14,1,48.3008784426804,-6.964681557517285,9,13
1,3,156.23223648309212,109.25356682743106,-20.272356736015148,1932.4336294294328,1,37.678780550236894,0.0,0,15,1,36.838269695118456,0.0,9,13,1,4.13249450399813,-5.943744811060029,5,21,1,52.978305290461236,0.0,11,20,1,53.55042671056562,0.0,1,21,1,13.98114348114418,-4.804383832016927,5,20,1,21.815672672167974,0.0,11,23,1,20.43014283447019,0.0,10,21,1,9.338535715337896,-6.900198678417556,4,13,1,21.7642691432565,-0.08777009781720602,8,19,1,41.95656991160163,0.0,2,12,1,5.47693443736896,-4.401188528392407,9,18,1,28.45918471826085,-4.496485984183463,5,12,1,40.44968159424359,-6.382837378167773,7,18,1,43.04071822517865,-0.4387330442998003,1,22,1,50.24114862791734,0.0,11,22,1,43.617102044634414,-4.713476351936568,10,12,1,30.05111284266414,-5.700273983638786,4,13,1,49.64221136508614,-0.2277748380187692,7,14,1,44.184018260235,-2.8818021277117807,9,13
1,4,155.9501445716227,123.97025000535535,-53.41618982746523,-926.1540443250343,1,37.678780550236894,0.0,0,15,1,36.838269695118456,0.0,9,13,1,1.32751044682758,-1.9634888400193848,5,21,1,52.978305290461236,0.0,11,20,1,53.55042671056562,0.0,1,21,1,5.891190516882528,-5.6629670749831575,5,20,1,18.79734091104882,-2.1128322327834086,11,23,1,18.47399205900896,-1.3693055428228607,10,21,1,9.338535715337896,0.0,4,13,1,15.676600634315541,-4.26136795625867,8,19,1,41.95656991160163,0.0,2,12,1,1.8081092281737186,-2.568177646436669,9,18,1,28.45918471826085,0.0,5,12,1,40.44968159424359,0.0,7,18,1,35.84852634160133,-5.034534318504123,1,22,1,44.460387805846004,-4.046532575449937,11,22,1,43.617102044634414,0.0,10,12,1,26.271726189277743,-2.6455706573704774,4,13,1,46.33490033417377,-2.3151177216386607,7,14,1,44.184018260235,0.0,9,13
1,5,142.05117632996985,135.66041805550537,0.0,-1157.4746430743267,1,44.23364315743481,6.554862607197915,0,15,1,39.7866825769178,2.9484128817993414,9,13,1,0.0,-0.929257312779306,5,21,1,50.760320497394616,-1.5525893551466345,11,20,1,49.553687775773405,-2.7977172543545503,1,21,1,2.632262961809964,-2.2812492885507947,5,20,1,22.61069279994832,3.8133518888995006,11,23,1,9.164318293421339,-6.516771635911336,10,21,1,1.4154283721993268,-5.546175140196999,4,13,1,16.18796217947241,0.5113615451568705,8,19,1,46.32257992258605,4.366010010984418,2,12,1,0.0,-1.265676459721603,9,18,1,24.969439385983495,-2.442821732594148,5,12,1,40.56056928785669,0.11088769361309203,7,18,1,40.71202597341479,4.863499631813459,1,22,1,42.970194087306936,-1.043135602977349,11,22,1,48.53803740096728,4.920935356332866,10,12,1,17.717649588918892,-5.987853620251196,4,13,1,38.783543952054096,-5.285949467483771,7,14,1,45.353135239940755,1.1691169797057563,9,13
1,6,175.0772203244469,192.06659828108965,39.44336457719115,0.0,1,48.45391496729792,4.22027180986311,0,15,1,36.99121456034604,-1.9568276116002308,9,13,1,6.067803846565288,6.067803846565288,5,21,1,49.827243226741,-0.6531540894575336,11,20,1,48.073852754777064,-1.03588451469744,1,21,1,5.530824935626075,2.8985619738161112,5,20,1,21.486615738107822,-0.7868539432883503,11,23,1,10.826510004910249,1.6621917114889104,10,21,1,2.188962766011441,0.7735343938121144,4,13,1,21.693158380453948,5.505196200981537,8,19,1,47.49735233824596,1.1747724156599093,2,12,1,2.903289516652763,2.903289516652763,9,18,1,28.82271472130485,3.853275335321353,5,12,1,38.13183376613232,-1.7001148652070575,7,18,1,39.21615766732348,-1.0471078142639172,1,22,1,43.499259391216896,0.5290653039099589,11,22,1,53.114107305287995,4.576069904320711,10,12,1,12.25838588332195,-3.821484593917859,4,13,1,34.524561654027366,-2.981287608618713,7,14,1,40.79322179037231,-3.191939414697913,9,13
1,7,270.65319550195534,271.5996430416786,184.2909719626776,380.7633170821899,1,38.61303914313988,-6.888613076910629,0,15,1,41.31310118409828,4.32188662375224,9,13,1,4.637593695836678,-1.0011471055100272,5,21,1,56.2892543248512,6.462011098110202,11,20,1,46.65915338761428,-0.9902895570139503,1,21,1,0.0,-3.8715774549382527,5,20,1,26.796763987072033,5.31014824896421,11,23,1,11.551854685313426,0.7253446804031771,10,21,1,0.5616983329139016,-1.1390851031682776,4,13,1,19.134896144963147,-1.7907835648435602,8,19,1,42.08942427013104,-3.7855496476804458,2,12,1,0.0,-2.032302661656934,9,18,1,29.75755458204555,0.9348398607407031,5,12,1,36.01867801838302,-1.4792090234245054,7,18,1,36.709780152310394,-1.754464260509158,1,22,1,44.83148454350216,1.3322251522852586,11,22,1,54.19953687292005,1.0854295676320533,10,12,1,12.689924314966207,0.4315384316442581,4,13,1,37.03295387136812,2.5083922173407593,7,14,1,43.36087490487845,2.5676531145061423,9,13
1,8,344.3101858688977,349.893769254914,373.2587241720473,595.9922345789897,1,40.62288172269994,2.0098425795600576,0,15,1,45.06284746322205,3.7497462791237712,9,13,1,0.6878160216352511,-2.764844371940999,5,21,1,51.39005764711518,-3.4294376744152135,11,20,1,39.04450674415578,-5.3302526504209515,1,21,1,0.0,-0.0,5,20,1,23.546851169916632,-2.2749389720087803,11,23,1,10.917733400317465,-0.4438848994971727,10,21,1,0.6385990388359892,0.07690070592208764,4,13,1,24.326390163202866,5.191494018239721,8,19,1,43.72504313059328,1.6356188604622366,2,12,1,0.0,-0.0,9,18,1,31.767101113411155,2.009546531365603,5,12,1,36.78538326493435,0.7667052465513315,7,18,1,36.89193632558014,0.18215617326974676,1,22,1,49.39212792921487,4.560643385712716,11,22,1,59.19388118066787,4.99434430774782,10,12,1,11.260484329076256,-1.0006079901229656,4,13,1,38.01384002568947,0.9808861543213458,7,14,1,35.74611162222984,-5.330334297854028,9,13
1,9,450.59253845129683,423.8014690821908,433.527135603517,14285.71481702476,1,40.036272693830064,-0.41062632020890977,0,15,1,44.419996571400475,-0.44999562427510154,9,13,1,0.6878160216352511,0.0,5,21,1,51.39005764711518,0.0,11,20,1,34.92171224663597,-2.885956148263869,1,21,1,0.0,0.0,5,20,1,23.546851169916632,0.0,11,23,1,7.996368009186279,-2.0449557737918296,10,21,1,0.6385990388359892,0.0,4,13,1,24.326390163202866,0.0,8,19,1,38.56822610394498,-3.6097719186538093,2,12,1,0.0,0.0,9,18,1,31.767101113411155,0.0,5,12,1,30.812878054251303,-4.180753647478135,7,18,1,29.645266329120187,-5.072668997521967,1,22,1,49.39212792921487,0.0,11,22,1,59.19388118066787,0.0,10,12,1,6.593166985149138,-3.2671221407489823,4,13,1,37.44439502387465,-0.39861150127037326,7,14,1,29.35952976952548,-4.470607296893053,9,13
1,10,469.82414058156377,438.43536779602397,601.3683814802931,121646.42111886988,1,31.958646171727594,-5.654338565471729,0,15,1,44.419996571400475,0.0,9,13,1,0.6878160216352511,0.0,5,21,1,49.00460031064913,-1.669820135526232,11,20,1,31.966461050487425,-2.0686758373039815,1,21,1,0.0,0.0,5,20,1,23.546851169916632,0.0,11,23,1,1.52629520344947,-4.529050964015766,10,21,1,0.0,-0.4470193271851925,4,13,1,24.326390163202866,0.0,8,19,1,41.0948746401585,2.5266485362135236,2,12,1,0.0,0.0,9,18,1,31.767101113411155,0.0,5,12,1,30.812878054251303,0.0,7,18,1,19.985819784254424,-6.761612581406033,1,22,1,40.36670323502662,-6.3177972859317775,11,22,1,59.19388118066787,0.0,10,12,1,1.8140392809397357,-3.345389392946582,4,13,1,37.44439502387465,0.0,7,14,1,24.8999337238597,-3.1217172319660453,9,13
1,11,587.5627705464991,581.9474472415067,336.9211522084779,53234.51610560338,1,28.923565289027305,-2.1245566178902027,0,15,1,44.419996571400475,0.0,9,13,1,0.6878160216352511,0.0,5,21,1,45.25443430553174,-2.625116203582173,11,20,1,31.966461050487425,0.0,1,21,1,0.0,0.0,5,20,1,18.94564087989475,-3.2208472030153175,11,23,1,0.0,-1.0684066424146288,10,21,1,5.867944461003738,5.867944461003738,4,13,1,17.27024850038854,-4.93929916397003,8,19,1,41.0948746401585,0.0,2,12,1,0.0,0.0,9,18,1,31.767101113411155,0.0,5,12,1,30.812878054251303,0.0,7,18,1,19.985819784254424,0.0,1,22,1,40.36670323502662,0.0,11,22,1,59.65125305238994,0.4573718717220665,10,12,1,4.324246269417372,2.510206988477636,4,13,1,36.76922245912677,-0.4726207953235122,7,14,1,24.8999337238597,0.0,9,13
1,12,582.2218131177814,573.3560667370832,482.295425096301,50014.395905528305,1,28.923565289027305,0.0,0,15,1,46.38917468445127,1.969178113050796,9,13,1,0.6878160216352511,0.0,5,21,1,45.25443430553174,0.0,11,20,1,31.96040218480486,-0.00424120597779587,1,21,1,0.0,0.0,5,20,1,9.523562884423425,-6.595454596829928,11,23,1,0.0,0.0,10,21,1,5.867944461003738,0.0,4,13,1,8.143628276239731,-6.388634156904167,8,19,1,45.094362429139856,3.999487788981357,2,12,1,0.0,0.0,9,18,1,35.805875503013596,4.038774389602445,5,12,1,26.672733063348453,-2.898101493631996,7,18,1,12.418069493521065,-5.2974252035133516,1,22,1,35.32235043091392,-3.5310469628788894,11,22,1,61.510683583746165,1.8594305313562252,10,12,1,4.449487775896462,0.1252415064790906,4,13,1,40.62626736869485,3.8570449095680757,7,14,1,24.8999337238597,0.0,9,13
1,13,599.58219432458,588.6106859481887,472.68476580012265,65659.52626019294,1,28.923565289027305,0.0,0,15,1,46.654409823273376,0.26523513882210903,9,13,1,0.0,-0.4814712151446757,5,21,1,45.25443430553174,0.0,11,20,1,27.42419953369462,-3.1753418557771678,1,21,1,0.0,-0.0,5,20,1,5.544471207378846,-2.785364173931206,11,23,1,0.0,-0.0,10,21,1,12.62425564144656,6.756311180442822,4,13,1,8.143628276239731,0.0,8,19,0,0.0,0.0,-1,-1,1,0.0,0.0,9,18,0,0.0,0.0,-1,-1,1,19.381765553308206,-5.103677257028173,7,18,1,5.003928565847582,-5.189898649371438,1,22,1,29.982010039864775,-3.738238273734403,11,22,0,0.0,0.0,-1,-1,1,4.449487775896462,0.0,4,13,1,43.10720409802574,2.4809367293308924,7,14,1,24.8999337238597,0.0,9,13
1,14,604.0546701266185,597.2651787621114,440.9871704929035,29319.53399015916,1,28.923565289027305,0.0,0,15,0,0.0,0.0,-1,-1,1,0.0,-0.0,5,21,1,45.25443430553174,0.0,11,20,1,20.68712779425274,-4.7159502176093175,1,21,1,0.0,-0.0,5,20,1,5.544471207378846,0.0,11,23,1,0.0,-0.0,10,21,0,0.0,0.0,-1,-1,1,5.937400073052848,-1.5443597422308188,8,19,0,0.0,0.0,-1,-1,1,0.0,-0.0,9,18,0,0.0,0.0,-1,-1,1,16.17343722634293,-2.245829828875694,7,18,1,5.003928565847582,0.0,1,22,1,29.982010039864775,0.0,11,22,0,0.0,0.0,-1,-1,0,0.0,0.0,-1,-1,1,44.82385252223447,1.7166484242087305,7,14,0,0.0,0.0,-1,-1
1,15,588.2689882741341,576.5195540411147,509.5272322632454,52379.24624197448,1,33.050095690084746,4.126530401057442,0,15,0,0.0,0.0,-1,-1,1,0.0,-0.0,5,21,1,39.38185905908512,-4.11080267251263,11,20,1,20.68712779425274,0.0,1,21,1,0.0,0.0,5,20,1,5.544471207378846,0.0,11,23,1,0.0,-0.0,10,21,0,0.0,0.0,-1,-1,1,5.937400073052848,0.0,8,19,0,0.0,0.0,-1,-1,1,0.0,-0.0,9,18,0,0.0,0.0,-1,-1,1,6.5793970653461145,-6.71582811269777,7,18,1,5.003928565847582,0.0,1,22,1,22.768675970055558,-5.049333848866453,11,22,0,0.0,0.0,-1,-1,0,0.0,0.0,-1,-1,0,0.0,0.0,-1,-1,0,0.0,0.0,-1,-1
1,16,626.723104409671,622.6337616939865,599.3913475012477,17478.076691618237,0,0.0,0.0,-1,-1,0,0.0,0.0,-1,-1,1,0.0,0.0,5,21,1,39.38185905908512,0.0,11,20,1,20.68712779425274,0.0,1,21,1,0.0,-0.0,5,20,1,5.544471207378846,0.0,11,23,1,0.0,0.0,10,21,0,0.0,0.0,-1,-1,1,5.099410473636734,-0.5865927195912795,8,19,0,0.0,0.0,-1,-1,1,0.0,0.0,9,18,0,0.0,0.0,-1,-1,1,6.5793970653461145,0.0,7,18,1,0.0,-3.502749996093307,1,22,1,22.768675970055558,0.0,11,22,0,0.0,0.0,-1,-1,0,0.0,0.0,-1,-1,0,0.0,0.0,-1,-1,0,0.0,0.0,-1,-1
1,17,652.5540373494476,654.3245127028329,870.1343829165185,-726.8263654046659,0,0.0,0.0,-1,-1,0,0.0,0.0,-1,-1,1,0.0,-0.0,5,21,1,39.38185905908512,0.0,11,20,1,18.852973405599542,-1.2839080720572367,1,21,1,0.0,0.0,5,20,1,5.544471207378846,0.0,11,23,1,0.0,0.0,10,21,0,0.0,0.0,-1,-1,1,5.099410473636734,0.0,8,19,0,0.0,0.0,-1,-1,1,0.0,0.0,9,18,0,0.0,0.0,-1,-1,1,9.633780490788546,3.0543834254424307,7,18,1,0.0,-0.0,1,22,1,22.768675970055558,0.0,11,22,0,0.0,0.0,-1,-1,0,0.0,0.0,-1,-1,0,0.0,0.0,-1,-1,0,0.0,0.0,-1,-1
1,18,739.8997337964182,734.9988470909849,853.8213497486819,43023.52690865809,0,0.0,0.0,-1,-1,0,0.0,0.0,-1,-1,1,0.0,0.0,5,21,1,39.38185905908512,0.0,11,20,1,9.52761541286273,-6.5277505949157675,1,21,1,0.0,0.0,5,20,1,5.544471207378846,0.0,11,23,1,0.0,-0.0,10,21,0,0.0,0.0,-1,-1,1,5.099410473636734,0.0,8,19,0,0.0,0.0,-1,-1,1,1.6268638894824534,1.6268638894824534,9,18,0,0.0,0.0,-1,-1,1,9.633780490788546,0.0,7,18,1,0.0,-0.0,1,22,1,22.768675970055558,0.0,11,22,0,0.0,0.0,-1,-1,0,0.0,0.0,-1,-1,0,0.0,0.0,-1,-1,0,0.0,0.0,-1,-1
1,19,602.1203475356514,602.1203475356514,819.8320444227937,-1195.5792810357602,0,0.0,0.0,-1,-1,0,0.0,0.0,-1,-1,1,0.0,0.0,5,21,1,39.38185905908512,0.0,11,20,1,9.52761541286273,0.0,1,21,1,0.0,0.0,5,20,1,5.544471207378846,0.0,11,23,1,0.0,0.0,10,21,0,0.0,0.0,-1,-1,1,5.099410473636734,0.0,8,19,0,0.0,0.0,-1,-1,0,0.0,0.0,-1,-1,0,0.0,0.0,-1,-1,0,0.0,0.0,-1,-1,1,0.0,-0.0,1,22,1,22.768675970055558,0.0,11,22,0,0.0,0.0,-1,-1,0,0.0,0.0,-1,-1,0,0.0,0.0,-1,-1,0,0.0,0.0,-1,-1
1,20,592.3598194441627,597.9999857981194,468.53506506942756,-5146.6421925648265,0,0.0,0.0,-1,-1,0,0.0,0.0,-1,-1,1,0.0,0.0,5,21,1,39.38185905908512,0.0,11,20,1,14.184089178426364,4.656473765563634,1,21,1,0.9836925883930865,0.9836925883930865,5,20,1,5.544471207378846,0.0,11,23,1,0.0,0.0,10,21,0,0.0,0.0,-1,-1,0,0.0,0.0,-1,-1,0,0.0,0.0,-1,-1,0,0.0,0.0,-1,-1,0,0.0,0.0,-1,-1,0,0.0,0.0,-1,-1,1,0.0,0.0,1,22,1,22.768675970055558,0.0,11,22,0,0.0,0.0,-1,-1,0,0.0,0.0,-1,-1,0,0.0,0.0,-1,-1,0,0.0,0.0,-1,-1
1,21,430.50403389408694,451.12483043774387,267.7675212655737,-10753.285220550506,0,0.0,0.0,-1,-1,0,0.0,0.0,-1,-1,1,0.0,0.0,5,21,0,0.0,0.0,-1,-1,1,14.821178142300738,0.6370889638743746,1,21,0,0.0,0.0,-1,-1,1,12.374828584287979,6.830357376909133,11,23,1,0.0,0.0,10,21,0,0.0,0.0,-1,-1,0,0.0,0.0,-1,-1,0,0.0,0.0,-1,-1,0,0.0,0.0,-1,-1,0,0.0,0.0,-1,-1,0,0.0,0.0,-1,-1,1,6.582003174704337,6.582003174704337,1,22,1,29.340022998224622,6.571347028169065,11,22,0,0.0,0.0,-1,-1,0,0.0,0.0,-1,-1,0,0.0,0.0,-1,-1,0,0.0,0.0,-1,-1
1,22,348.7294487452137,359.6831359863281,191.45101542602097,-4834.668028686348,0,0.0,0.0,-1,-1,0,0.0,0.0,-1,-1,0,0.0,0.0,-1,-1,0,0.0,0.0,-1,-1,0,0.0,0.0,-1,-1,0,0.0,0.0,-1,-1,1,16.27501464614711,3.900186061859131,11,23,0,0.0,0.0,-1,-1,0,0.0,0.0,-1,-1,0,0.0,0.0,-1,-1,0,0.0,0.0,-1,-1,0,0.0,0.0,-1,-1,0,0.0,0.0,-1,-1,0,0.0,0.0,-1,-1,1,11.245474396628165,4.663471221923828,1,22,1,31.730053382288343,2.3900303840637207,11,22,0,0.0,0.0,-1,-1,0,0.0,0.0,-1,-1,0,0.0,0.0,-1,-1,0,0.0,0.0,-1,-1
1,23,272.69962680010013,273.0131538910679,101.58808858011658,-1147.6453486290047,0,0.0,0.0,-1,-1,0,0.0,0.0,-1,-1,0,0.0,0.0,-1,-1,0,0.0,0.0,-1,-1,0,0.0,0.0,-1,-1,0,0.0,0.0,-1,-1,1,16.588541737114852,0.3135270909677439,11,23,0,0.0,0.0,-1,-1,0,0.0,0.0,-1,-1,0,0.0,0.0,-1,-1,0,0.0,0.0,-1,-1,0,0.0,0.0,-1,-1,0,0.0,0.0,-1,-1,0,0.0,0.0,-1,-1,0,0.0,0.0,-1,-1,0,0.0,0.0,-1,-1,0,0.0,0.0,-1,-1,0,0.0,0.0,-1,-1,0,0.0,0.0,-1,-1,0,0.0,0.0,-1,-1
1,24,204.7310357654873,204.7310357654873,108.3806400509119,-429.0464966039979,0,0.0,0.0,-1,-1,0,0.0,0.0,-1,-1,0,0.0,0.0,-1,-1,0,0.0,0.0,-1,-1,0,0.0,0.0,-1,-1,0,0.0,0.0,-1,-1,0,0.0,0.0,-1,-1,0,0.0,0.0,-1,-1,0,0.0,0.0,-1,-1,0,0.0,0.0,-1,-1,0,0.0,0.0,-1,-1,0,0.0,0.0,-1,-1,0,0.0,0.0,-1,-1,0,0.0,0.0,-1,-1,0,0.0,0.0,-1,-1,0,0.0,0.0,-1,-1,0,0.0,0.0,-1,-1,0,0.0,0.0,-1,-1,0,0.0,0.0,-1,-1,0,0.0,0.0,-1,-1
2,1,177.09058868661316,176.23024257867965,57.67090902751006,1927.071064758642,1,26.096865682983065,1.3758091787366664,3,16,1,30.93755454486452,-6.615996757458461,3,21,1,48.56307181573003,-2.1382072699001,4,13,1,42.58120549505545,-6.324036558970502,5,13,1,33.77751879406181,6.653140481606974,2,16,1,42.24290656509272,-2.6504381692849055,7,16,1,51.222743276274684,-2.8238206398206662,11,17,1,16.848104684135823,-4.017333876160416,3,14,1,58.735385545192656,2.4981557086075954,0,16,1,32.800558536204576,-2.4192007163751965,1,20,1,47.11843658246396,0.9544973927268241,11,21,1,55.83395183554796,-2.393740908739729,1,12,1,52.62863551345885,1.3596677934603851,1,23,1,31.439967969797785,-6.697782504830619,9,19,1,51.41827474603818,-2.3495121121499536,6,20,1,33.557623983190894,1.8717816789588184,6,17,1,54.271114601314075,4.602402949498908,0,16,1,43.653757622423626,5.416234139225121,10,23,1,31.668013869714407,5.934570586995999,9,12,1,27.1357867789079,6.90346349593976,9,12
2,2,152.87047935187252,164.6513034325716,18.114830364160223,4.17632312883282,1,32.63214640817838,6.535280725195311,3,16,1,32.11294577113943,1.1753912262749129,3,21,1,47.89160165765869,-0.4700291106499357,4,13,1,41.78153405810437,-0.5597700058657555,5,13,1,40.35132013505838,6.573801340996568,2,16,1,32.99200634048166,-6.475630157227743,7,16,1,50.889854099191936,-0.23302242395792283,11,17,1,22.466821365447007,5.6187166813111835,3,14,1,64.87268554437033,6.137299999177671,0,16,1,35.671457694777374,2.8708991585728,1,20,1,48.30178461960535,1.183348037141395,11,21,1,45.999913544287686,-6.883826803882188,1,12,1,57.66321240752179,5.034576894062934,1,23,1,25.44356504322046,-4.197482048604129,9,19,1,51.99314377370706,0.5748690276688841,6,20,1,27.118984910907827,-4.507047350598146,6,17,1,51.04581423262622,-2.257710258081496,0,16,1,42.986728366880925,-0.46692047887989263,10,23,1,35.40221612375008,3.7342022540356714,9,12,1,24.84132588463498,-1.6061226259910444,9,12
2,3,141.9429378907656,142.2074604450137,-17.462004023502065,262.9913454351797,1,36.715873313613976,4.083726905435599,3,16,1,34.88654735898059,2.7736015878411644,3,21,1,43.35714274806941,-3.174121236712498,4,13,1,33.18944905919625,-6.014459499235688,5,13,1,40.27884161592211,-0.0507349633953873,2,16,1,33.10775281911298,0.11574647863132292,7,16,1,41.180879369415564,-6.796282310843459,11,17,1,28.760503141577033,6.2936817761300246,3,14,1,59.72063701880799,-3.606433967893637,0,16,1,26.002896843409374,-6.7679925959576,1,20,1,49.086903101774936,0.7851184821695878,11,21,1,41.78248183097123,-2.9522021993215186,1,12,1,50.37514723188387,-5.101645622946542,1,23,1,30.375732712042847,4.932167668822388,9,19,1,55.20587945725169,3.2127356835446292,6,20,1,29.172871936384738,2.053887025476911,6,17,1,56.9878598112248,5.9420455785985835,0,16,1,42.94571277633136,-0.028710913384695225,10,23,1,37.00761268175187,1.605396558001793,9,12,1,27.80032400392212,2.9589981192871395,9,12
2,4,154.6142919841461,117.44780434867698,-33.77921266969197,-927.144795185716,1,34.30006433467305,-1.6910662852586462,3,16,1,26.787541710922458,-5.669303953640695,3,21,1,36.82203627066748,-4.57457453418135,4,13,1,33.18944905919625,0.0,5,13,1,40.27884161592211,0.0,2,16,1,26.454629057012024,-4.657186633470669,7,16,1,39.49085192831104,-1.1830192087731688,11,17,1,22.504651396434603,-4.379096221599702,3,14,1,59.72063701880799,0.0,0,16,1,26.002896843409374,0.0,1,20,1,49.086903101774936,0.0,11,21,1,41.78248183097123,0.0,1,12,1,50.20168934161402,-0.12142052318889518,1,23,1,26.323748873982407,-2.836388686642308,9,19,1,55.09578140628032,-0.07706863567996214,6,20,1,23.773052730238057,-3.779873444302675,6,17,1,56.9878598112248,0.0,0,16,1,35.41678703310514,-5.2702480202583555,10,23,1,32.82583912679091,-2.927241488472673,9,12,1,27.80032400392212,0.0,9,12
2,5,138.91157803392358,108.66792772142611,0.0,-1459.4381368766396,1,34.30006433467305,0.0,3,16,1,26.787541710922458,0.0,3,21,1,36.82203627066748,0.0,4,13,1,33.18944905919625,0.0,5,13,1,30.720606851332786,-6.690764335212529,2,16,1,22.02808814711203,-3.0985786369299957,7,16,1,39.49085192831104,0.0,11,17,1,14.457914907954555,-5.632715541936034,3,14,1,59.72063701880799,0.0,0,16,1,26.002896843409374,0.0,1,20,1,45.28027009809842,-2.664643102573561,11,21,1,41.78248183097123,0.0,1,12,1,42.65171186069682,-5.284984236642042,1,23,1,26.323748873982407,0.0,9,19,1,47.147831082456456,-5.563565226676702,6,20,1,23.773052730238057,0.0,6,17,1,56.9878598112248,0.0,0,16,1,35.41678703310514,0.0,10,23,1,30.95669736603863,-1.3083992325265974,9,12,1,27.80032400392212,0.0,9,12
2,6,183.28739794462908,212.4777963601552,47.07945226132018,0.0,1,39.87114293647614,5.5710786018030864,3,16,1,27.551829690266572,0.7642879793441133,3,21,1,41.671181784426494,4.84914551375901,4,13,1,35.723578655961525,2.5341295967652737,5,13,1,27.623228047656998,-2.168165162573051,2,16,1,23.592898839698798,1.564810692586769,7,16,1,41.39082048321526,1.8999685549042205,11,17,1,20.368074306503598,5.910159398549042,3,14,1,63.29941978308642,3.578782764278432,0,16,1,31.79598710441526,5.793090261005885,1,20,1,37.19542773021244,-5.659389657520189,11,21,1,42.099905165433675,0.31742333446244797,1,12,1,41.35346061668248,-0.9087758708100389,1,23,1,31.398849371010197,5.0751004970277895,9,19,1,50.164565430121414,3.0167343476649595,6,20,1,23.49818796144678,-0.19240533815389194,6,17,1,62.00908897706062,5.0212291658358215,0,16,1,25.591597799188953,-6.87763246374133,10,23,1,30.76241699212944,-0.13599626173643165,9,12,1,26.710070378313805,-0.7631775379258205,9,12
2,7,273.56507303545874,254.48046323653517,155.56971617970015,1283.5613942204943,1,39.87114293647614,0.0,3,16,1,27.551829690266572,0.0,3,21,1,41.671181784426494,0.0,4,13,1,35.723578655961525,0.0,5,13,1,27.623228047656998,0.0,2,16,1,23.592898839698798,0.0,7,16,1,41.39082048321526,0.0,11,17,1,19.753941783781013,-0.42989276590581005,3,14,1,58.764233341666525,-3.174630508993929,0,16,1,27.833270587761987,-2.7739015616572926,1,20,1,37.19542773021244,0.0,11,21,1,42.099905165433675,0.0,1,12,1,40.653567967587215,-0.48992485436668787,1,23,1,31.389841234616185,-0.00630569547580917,9,19,1,43.72485688452058,-4.507795981920583,6,20,1,23.49818796144678,0.0,6,17,1,55.834970252322336,-4.3218831073168005,0,16,1,25.591597799188953,0.0,10,23,1,30.76241699212944,0.0,9,12,1,21.88110563076142,-3.380275323286669,9,12
2,8,382.05362093066645,371.42523897059175,397.5333616452942,4939.397946714888,1,44.418288992186866,4.5471460557107255,3,16,1,33.76601521439047,6.214185524123897,3,21,1,36.142292047611235,-3.8702228157706813,4,13,1,33.505339678285694,-1.5527672843730813,5,13,1,30.498568791817362,2.875340744160363,2,16,1,28.96533930937656,5.3724404696777635,7,16,1,47.11018882643498,5.719368343219721,11,17,1,11.606249964371782,-5.703384273586462,3,14,1,49.22325644901344,-6.678683824857158,0,16,1,27.294251690991857,-0.3773132277390905,1,20,1,28.486079065186928,-6.096544065517857,11,21,1,43.62478239866498,1.524877233231306,1,12,1,41.465029615692885,0.811461648105668,1,23,1,25.98597669773628,-3.782705175815934,9,19,1,33.978667237340105,-6.8223327530263305,6,20,1,14.126587881971702,-6.560120055632556,6,17,1,60.88756605629437,5.052595803972033,0,16,1,21.287259817182296,-3.0130365874046596,10,23,1,37.301286425304845,6.538869433175406,9,12,1,14.984595414007432,-4.8275571517277935,9,12
2,9,488.0853057582817,456.28663344219933,592.1813573586412,18058.61871667055,1,40.9169862393304,-2.4509119269995256,3,16,1,27.093442397367212,-4.6708009719162815,3,21,1,36.142292047611235,0.0,4,13,1,31.941287171125847,-1.0948367550118918,5,13,1,28.03243252958246,-1.726295383564431,2,16,1,28.96533930937656,0.0,7,16,1,37.49766441936096,-6.728767084951812,11,17,1,11.606249964371782,0.0,3,14,1,45.9460765340061,-2.294025940505138,0,16,1,27.294251690991857,0.0,1,20,1,22.134400346326608,-4.446175103202225,11,21,1,43.62478239866498,0.0,1,12,1,41.465029615692885,0.0,1,23,1,25.98597669773628,0.0,9,19,1,33.978667237340105,0.0,6,20,1,11.560278737872984,-1.7964164008691021,6,17,1,51.472647843348675,-6.5904427490619835,0,16,1,21.287259817182296,0.0,10,23,1,37.301286425304845,0.0,9,12,1,14.984595414007432,0.0,9,12
2,10,481.9000949446415,447.87186198260815,502.94914421761274,183540.3161060306,1,32.45992800012015,-5.919940767447175,3,16,1,22.2543472398657,-3.387366610251057,3,21,1,31.04900371573828,-3.565301832311068,4,13,1,31.941287171125847,0.0,5,13,1,20.758349546287576,-5.091858088306421,2,16,1,28.96533930937656,0.0,7,16,1,32.81349557621071,-3.278918190205173,11,17,1,11.606249964371782,0.0,3,14,1,45.9460765340061,0.0,0,16,1,24.650820530624234,-1.850401812257337,1,20,1,15.544626538820054,-4.612841665254588,11,21,1,45.8907254754592,2.265943076794218,1,12,1,36.078241404419515,-3.7707517478913575,1,23,1,25.98597669773628,0.0,9,19,1,33.978667237340105,0.0,6,20,1,11.560278737872984,0.0,6,17,1,42.11957303472949,-6.547152366033427,0,16,1,21.287259817182296,0.0,10,23,1,37.301286425304845,0.0,9,12,1,16.714952455137464,1.7303570411300315,9,12
2,11,502.8338320529906,490.4672466622362,773.8634748917218,81710.65535612708,1,32.45992800012015,0.0,3,16,1,15.762746817131546,-4.54412029591391,3,21,1,35.25932582102832,4.21032210529004,4,13,1,33.94887578101283,2.007588609886983,5,13,1,20.758349546287576,0.0,2,16,1,28.96533930937656,0.0,7,16,1,29.52467561787627,-2.3021739708341107,11,17,1,11.606249964371782,0.0,3,14,1,39.348726514410046,-4.618145013717239,0,16,1,21.989405711383682,-1.862990373468387,1,20,1,5.695433428391997,-6.894435177299641,11,21,1,46.143172840711166,0.25244736525196765,1,12,1,36.078241404419515,0.0,1,23,1,20.365213274781205,-3.934534396068554,9,19,1,33.176335496723766,-0.5616322184314348,6,20,1,11.560278737872984,0.0,6,17,1,42.11957303472949,0.0,0,16,1,21.287259817182296,0.0,10,23,1,43.18237439985474,5.881087974549895,9,12,1,16.714952455137464,0.0,9,12
2,12,605.0210993309568,610.4134931233665,377.4831309242892,34115.506302089765,1,28.16908795122091,-3.0035880342294696,3,16,1,5.864938632214431,-6.928465729441982,3,21,1,41.49528390918346,6.235958088155146,4,13,1,39.585871649215434,5.636995868202602,5,13,1,20.758349546287576,0.0,2,16,1,28.96533930937656,0.0,7,16,1,29.223000066959628,-0.21117288564164816,11,17,1,11.606249964371782,0.0,3,14,1,39.23821926322676,-0.07735507582829948,0,16,1,16.374291035094913,-3.930580273402138,1,20,1,5.695433428391997,0.0,11,21,1,49.84670621916199,3.7035333784508238,1,12,1,36.078241404419515,0.0,1,23,1,20.365213274781205,0.0,9,19,1,33.176335496723766,0.0,6,20,1,11.560278737872984,0.0,6,17,1,42.11957303472949,0.0,0,16,1,20.98625779600579,-0.21070141482355287,10,23,1,43.18237439985474,0.0,9,12,1,20.89272232610572,4.177769870968256,9,12
2,13,536.4406765844673,513.1914277491962,375.7977093675175,90399.8252859469,1,20.69957409438256,-5.228659699786845,3,16,1,3.6339976110653884,-1.5616587148043295,3,21,1,45.64774425405019,4.152460344866724,4,13,1,44.62466731338094,5.038795664165504,5,13,1,14.761718293086147,-4.197641877240999,2,16,1,28.96533930937656,0.0,7,16,1,29.223000066959628,0.0,11,17,1,11.606249964371782,0.0,3,14,1,39.23821926322676,0.0,0,16,1,16.374291035094913,0.0,1,20,1,2.442380646810732,-2.2771369471068854,11,21,0,0.0,0.0,-1,-1,1,26.655884903348248,-6.595649550749887,1,23,1,18.60639868486819,-1.231170212939111,9,19,1,24.26307747993976,-6.239280611748805,6,20,1,11.005858420508307,-0.38809422215527367,6,17,1,42.11957303472949,0.0,0,16,1,14.241667784904228,-4.7212130077710945,10,23,0,0.0,0.0,-1,-1,0,0.0,0.0,-1,-1
2,14,552.3869520261462,560.2670638693596,557.5763397103109,-879.5212200192973,1,26.668285463867754,5.968711369485195,3,16,1,3.6339976110653884,0.0,3,21,0,0.0,0.0,-1,-1,0,0.0,0.0,-1,-1,1,21.206731472210905,6.445013179124755,2,16,1,28.96533930937656,0.0,7,16,1,29.223000066959628,0.0,11,17,1,11.606249964371782,0.0,3,14,1,39.23821926322676,0.0,0,16,1,16.374291035094913,0.0,1,20,1,1.4096308103808095,-0.7229248855009458,11,21,0,0.0,0.0,-1,-1,1,24.059170213991592,-1.8177002825496578,1,23,1,12.600276587885533,-4.204285467887859,9,19,1,24.26307747993976,0.0,6,20,1,11.005858420508307,0.0,6,17,1,44.330870965271416,2.211297930541927,0,16,1,14.241667784904228,0.0,10,23,0,0.0,0.0,-1,-1,0,0.0,0.0,-1,-1
2,15,581.2763121888461,586.7528703453552,446.345538500947,29624.782713609733,1,26.668285463867754,0.0,3,16,1,3.6339976110653884,0.0,3,21,0,0.0,0.0,-1,-1,0,0.0,0.0,-1,-1,1,26.498946645299405,5.292215173088499,2,16,1,33.52929176726387,4.563952457887311,7,16,1,29.223000066959628,0.0,11,17,0,0.0,0.0,-1,-1,1,43.78058522950231,4.5423659662755504,0,16,1,10.52405977571516,-4.095161881565827,1,20,1,1.4096308103808095,0.0,11,21,0,0.0,0.0,-1,-1,1,24.059170213991592,0.0,1,23,1,3.4555095029652314,-6.401336959444212,9,19,1,24.26307747993976,0.0,6,20,1,12.037230691375449,1.0313722708671422,6,17,1,50.965495086678914,6.634624121407501,0,16,1,5.5395635106086605,-6.0914729920068975,10,23,0,0.0,0.0,-1,-1,0,0.0,0.0,-1,-1
2,16,661.6230717778394,672.3658163372608,605.7010882877062,-7023.671438505887,1,32.32975183051865,5.661466366650897,3,16,1,3.6339976110653884,0.0,3,21,0,0.0,0.0,-1,-1,0,0.0,0.0,-1,-1,1,30.310013247371025,3.8110666020716195,2,16,1,34.096128498565626,0.5668367313017526,7,16,1,35.88403717597076,6.661037109011133,11,17,0,0.0,0.0,-1,-1,1,43.78058522950231,0.0,0,16,1,7.1418064265210255,-2.3675773444358947,1,20,1,1.4096308103808095,0.0,11,21,0,0.0,0.0,-1,-1,1,22.38598699527374,-1.1712282531024956,1,23,1,0.0,-2.4188566520756623,9,19,1,24.26307747993976,0.0,6,20,1,12.037230691375449,0.0,6,17,1,50.965495086678914,0.0,0,16,1,5.5395635106086605,0.0,10,23,0,0.0,0.0,-1,-1,0,0.0,0.0,-1,-1
2,17,627.0727242206875,626.8546403269237,812.5982487675491,32177.532798733457,0,0.0,0.0,-1,-1,1,1.0703212053442837,-1.7945734840047733,3,21,0,0.0,0.0,-1,-1,0,0.0,0.0,-1,-1,0,0.0,0.0,-1,-1,0,0.0,0.0,-1,-1,1,40.682035441175366,4.797998265204603,11,17,0,0.0,0.0,-1,-1,0,0.0,0.0,-1,-1,1,0.0,-4.999264498564718,1,20,1,0.0,-0.9867415672665666,11,21,0,0.0,0.0,-1,-1,1,17.04192628602955,-3.7408424964709344,1,23,1,0.0,0.0,9,19,1,24.26307747993976,0.0,6,20,1,19.01954599073589,6.982315299360441,6,17,0,0.0,0.0,-1,-1,1,4.858170064863085,-0.4769754120219025,10,23,0,0.0,0.0,-1,-1,0,0.0,0.0,-1,-1
2,18,685.8858654949792,683.8004384365732,952.6977842829456,18537.94112859959,0,0.0,0.0,-1,-1,1,1.0703212053442837,0.0,3,21,0,0.0,0.0,-1,-1,0,0.0,0.0,-1,-1,0,0.0,0.0,-1,-1,0,0.0,0.0,-1,-1,0,0.0,0.0,-1,-1,0,0.0,0.0,-1,-1,0,0.0,0.0,-1,-1,1,0.0,0.0,1,20,1,0.0,0.0,11,21,0,0.0,0.0,-1,-1,1,17.04192628602955,0.0,1,23,1,0.0,0.0,9,19,1,25.578369466938014,1.3152919869982536,6,20,0,0.0,0.0,-1,-1,0,0.0,0.0,-1,-1,1,0.0,-3.4007190454041596,10,23,0,0.0,0.0,-1,-1,0,0.0,0.0,-1,-1
2,19,648.56391233584,656.0556552197733,795.8382995508166,-7137.366845940753,0,0.0,0.0,-1,-1,1,1.0703212053442837,0.0,3,21,0,0.0,0.0,-1,-1,0,0.0,0.0,-1,-1,0,0.0,0.0,-1,-1,0,0.0,0.0,-1,-1,0,0.0,0.0,-1,-1,0,0.0,0.0,-1,-1,0,0.0,0.0,-1,-1,1,0.0,0.0,1,20,1,2.8198286587485617,2.8198286587485617,11,21,0,0.0,0.0,-1,-1,1,17.04192628602955,0.0,1,23,1,4.671914225184709,4.671914225184709,9,19,1,25.578369466938014,0.0,6,20,0,0.0,0.0,-1,-1,0,0.0,0.0,-1,-1,1,0.0,0.0,10,23,0,0.0,0.0,-1,-1,0,0.0,0.0,-1,-1
2,20,542.8865678296651,548.0053579546598,410.964125329526,-16602.756646913094,0,0.0,0.0,-1,-1,1,1.2995964531617277,0.22927524781744402,3,21,0,0.0,0.0,-1,-1,0,0.0,0.0,-1,-1,0,0.0,0.0,-1,-1,0,0.0,0.0,-1,-1,0,0.0,0.0,-1,-1,0,0.0,0.0,-1,-1,0,0.0,0.0,-1,-1,1,5.0000940474723325,5.0000940474723325,1,20,1,2.8198286587485617,0.0,11,21,0,0.0,0.0,-1,-1,1,16.88395604275078,-0.11057917029513975,1,23,0,0.0,0.0,-1,-1,1,25.578369466938014,0.0,6,20,0,0.0,0.0,-1,-1,0,0.0,0.0,-1,-1,1,0.0,0.0,10,23,0,0.0,0.0,-1,-1,0,0.0,0.0,-1,-1
2,21,421.46789980457504,425.3747635858027,255.83890607616604,-2824.1271335461684,0,0.0,0.0,-1,-1,1,1.2995964531617277,0.0,3,21,0,0.0,0.0,-1,-1,0,0.0,0.0,-1,-1,0,0.0,0.0,-1,-1,0,0.0,0.0,-1,-1,0,0.0,0.0,-1,-1,0,0.0,0.0,-1,-1,0,0.0,0.0,-1,-1,0,0.0,0.0,-1,-1,1,2.8198286587485617,0.0,11,21,0,0.0,0.0,-1,-1,1,16.88395604275078,0.0,1,23,0,0.0,0.0,-1,-1,0,0.0,0.0,-1,-1,0,0.0,0.0,-1,-1,0,0.0,0.0,-1,-1,1,3.9068637812276705,3.9068637812276705,10,23,0,0.0,0.0,-1,-1,0,0.0,0.0,-1,-1
2,22,322.4152215721088,327.79538571244905,233.80316874956534,-2826.831250168667,0,0.0,0.0,-1,-1,0,0.0,0.0,-1,-1,0,0.0,0.0,-1,-1,0,0.0,0.0,-1,-1,0,0.0,0.0,-1,-1,0,0.0,0.0,-1,-1,0,0.0,0.0,-1,-1,0,0.0,0.0,-1,-1,0,0.0,0.0,-1,-1,0,0.0,0.0,-1,-1,0,0.0,0.0,-1,-1,0,0.0,0.0,-1,-1,1,16.88395604275078,0.0,1,23,0,0.0,0.0,-1,-1,0,0.0,0.0,-1,-1,0,0.0,0.0,-1,-1,0,0.0,0.0,-1,-1,1,9.287027921567923,5.380164140340252,10,23,0,0.0,0.0,-1,-1,0,0.0,0.0,-1,-1
2,23,250.0103948331876,253.84760271488952,156.53765777146606,-897.1513618927135,0,0.0,0.0,-1,-1,0,0.0,0.0,-1,-1,0,0.0,0.0,-1,-1,0,0.0,0.0,-1,-1,0,0.0,0.0,-1,-1,0,0.0,0.0,-1,-1,0,0.0,0.0,-1,-1,0,0.0,0.0,-1,-1,0,0.0,0.0,-1,-1,0,0.0,0.0,-1,-1,0,0.0,0.0,-1,-1,0,0.0,0.0,-1,-1,1,16.88395604275078,0.0,1,23,0,0.0,0.0,-1,-1,0,0.0,0.0,-1,-1,0,0.0,0.0,-1,-1,0,0.0,0.0,-1,-1,1,13.12423580326983,3.837207881701908,10,23,0,0.0,0.0,-1,-1,0,0.0,0.0,-1,-1
2,24,223.18582728213875,223.18582728213875,123.05727859868844,-1117.7956064179648,0,0.0,0.0,-1,-1,0,0.0,0.0,-1,-1,0,0.0,0.0,-1,-1,0,0.0,0.0,-1,-1,0,0.0,0.0,-1,-1,0,0.0,0.0,-1,-1,0,0.0,0.0,-1,-1,0,0.0,0.0,-1,-1,0,0.0,0.0,-1,-1,0,0.0,0.0,-1,-1,0,0.0,0.0,-1,-1,0,0.0,0.0,-1,-1,0,0.0,0.0,-1,-1,0,0.0,0.0,-1,-1,0,0.0,0.0,-1,-1,0,0.0,0.0,-1,-1,0,0.0,0.0,-1,-1,0,0.0,0.0,-1,-1,0,0.0,0.0,-1,-1,0,0.0,0.0,-1,-1
3,1,195.80210722144486,178.6141154449924,55.95041188144682,4010.9253993817742,1,55.29030066424433,-2.092435627457438,8,21,1,15.621506055305076,-3.908859462941101,2,22,1,58.22667841421926,5.135755692073974,4,20,1,14.462602868925003,-4.252796979736654,4,20,1,43.56293467275428,-5.716865936444421,0,21,1,29.92014295064866,-4.7318957131247705,9,18,1,59.315983643707554,1.5715562826141645,3,16,1,27.510676355886627,-2.5903670079183323,9,15,1,64.42695156590969,6.959145002350327,4,12,1,15.96482344627179,-3.3788779244995335,1,14,1,28.465220346524042,-2.1678744639890652,6,23,1,22.716698512233563,2.0117589610098623,7,22,1,29.941190532010587,-0.6042521445286568,8,12,1,63.90232157618989,5.332849627970431,11,18,1,34.264560363847224,-4.014961254243109,6,14,1,44.3212655803317,-5.824247423104023,11,23,1,55.55252594446938,-2.4029180646926984,8,14,1,21.10508310802733,0.857114435350183,11,22,1,32.754322443292786,3.6388370489656428,0,17,1,38.89670008404634,-1.0086568241072524,0,17
3,2,147.81657799247745,139.98652599387418,16.54072512454166,1312.2249842286924,1,60.04838448933393,4.758083825089602,8,21,1,7.61584362026014,-5.603963704531455,2,22,1,61.25775499280341,3.0310765785841562,4,20,1,13.294060945252479,-0.8179793465707665,4,20,1,45.18977317844373,1.6268385056894514,0,21,1,27.18187904044209,-1.916784737144598,9,18,1,55.033938617686395,-2.9974315182148117,3,16,1,19.917810276358146,-5.315006255669935,9,15,1,55.74724116753341,-6.075797278863397,4,12,1,13.763004676541886,-1.5412731388109329,1,14,1,20.161811422406867,-5.812386246882022,6,23,1,25.33645704036465,2.6197585281310873,7,22,1,33.26115776885319,3.3199672368426025,8,12,1,69.85422718321402,5.951905607024125,11,18,1,35.97788447995578,1.7133241161085617,6,14,1,45.115028235511964,0.7937626551802641,11,23,1,58.43934843248422,2.886822488014843,8,14,1,22.971608284907884,1.8665251768805546,11,22,1,23.648956567468225,-6.373756113077194,0,17,1,38.95296170766293,0.056261623616590706,0,17
3,3,139.9111906363411,169.69426285836903,112.82311068738503,-312.9260764598686,1,50.82600522545302,-6.455665484716638,8,21,1,13.767497318821125,6.151653698560985,2,22,1,62.25801333779329,1.0002583449898719,4,20,1,6.031002348596099,-5.084141017659466,4,20,1,36.488741583379564,-6.090722116544917,0,21,1,28.54008324054093,1.3582042000988397,9,18,1,57.64838685884462,2.614448241158221,3,16,1,24.2207484954328,4.302938219074654,9,15,1,58.78024734365725,3.033006176123841,4,12,1,10.154303906853768,-2.5260905387816823,1,14,1,14.41137932976796,-4.025302464847234,6,23,1,26.96474221961324,1.6282851792485884,7,22,1,40.075516953458084,6.8143591846048945,8,12,1,72.08856530996529,2.234338126751262,11,18,1,41.437889280642935,5.460004800687152,6,14,1,43.4454640122765,-1.1686949562648206,11,23,1,62.20833093493184,3.768982502447611,8,14,1,29.54103330108753,6.569425016179647,11,22,1,29.028922201496925,5.379965634028701,0,17,1,43.77078118455134,4.817819476888408,0,17
3,4,157.17559005793046,119.64299635356326,-37.23585554879917,6049.348534132101,1,41.77632443404716,-6.3347765539840974,8,21,1,13.767497318821125,0.0,2,22,1,61.604276049261195,-0.45761610197246627,4,20,1,6.031002348596099,0.0,4,20,1,36.488741583379564,0.0,0,21,1,19.996143312485767,-5.980757949638615,9,18,1,57.64838685884462,0.0,3,16,1,24.2207484954328,0.0,9,15,1,58.78024734365725,0.0,4,12,1,6.763394507308496,-2.3736365796816905,1,14,1,7.641931360074082,-4.738613578785714,6,23,1,18.257135586204516,-6.095324643386105,7,22,1,34.19847580594333,-4.11392880326033,8,12,1,69.6561852127841,-1.7026660680268348,11,18,1,41.02723960323071,-0.2874547741885558,6,14,1,42.19433542665212,-0.8757900099370701,11,23,1,62.20833093493184,0.0,8,14,1,23.009563813222215,-4.572028641505719,11,22,1,29.028922201496925,0.0,0,17,1,43.77078118455134,0.0,0,17
3,5,146.15949290073473,97.80626408341277,0.0,-2572.105490799763,1,35.53954260418197,-4.365747280905637,8,21,1,3.89909886395062,-6.907878918409352,2,22,1,61.604276049261195,0.0,4,20,1,6.031002348596099,0.0,4,20,1,36.488741583379564,0.0,0,21,1,12.455613418888541,-5.2783709255180575,9,18,1,56.20698620350913,-1.0089804587348412,3,16,1,24.2207484954328,0.0,9,15,1,58.78024734365725,0.0,4,12,1,0.0,-4.734376155115947,1,14,1,4.253208917939604,-2.372105709494134,6,23,1,12.18299416928197,-4.251898991845781,7,22,1,34.19847580594333,0.0,8,12,1,62.18238046101642,-5.231663326237371,11,18,1,41.02723960323071,0.0,6,14,1,34.38317974026484,-5.467808980471091,11,23,1,55.38008438750339,-4.7797725831999145,8,14,1,17.879872739604664,-3.5907837515322836,11,22,1,29.028922201496925,0.0,0,17,1,43.25100727618341,-0.36384173585755164,0,17
3,6,184.67816514425814,202.74160367581018,39.13929459846475,0.0,1,38.69859379495767,3.1590511907757017,8,21,1,0.0,-2.7293692047654337,2,22,1,52.671057443953636,-6.253253023715292,4,20,1,0.0,-4.221701644017269,4,20,1,42.839477858826484,6.350736275446918,0,21,1,14.537239707852358,2.0816262889638155,9,18,1,47.69642658523539,-5.957391732791619,3,16,1,23.94390714769429,-0.19378894341695707,9,15,1,62.52816597217585,3.7479186285185944,4,12,1,1.2959233465807918,1.2959233465807918,1,14,1,7.9721796372225695,3.7189707192829653,6,23,1,4.362492373401452,-5.474351257116363,7,22,1,39.372054994443594,5.17357918850026,8,12,1,65.4799053672293,3.2975249062128844,11,18,1,43.036014520196865,2.008774916966156,6,14,1,40.15136896959754,5.768189229332698,11,23,1,62.360941836651016,6.980857449147626,8,14,1,20.27102325746178,2.391150517857117,11,22,1,22.54278474996545,-4.540296216072033,0,17,1,44.71029517204488,1.4592878958614726,0,17
3,7,266.92387316710494,270.7087588546806,145.0442168801563,264.78435856171205,1,42.92239450019957,4.2238007052419055,8,21,1,1.6084590558684908,1.6084590558684908,2,22,1,55.596063023313214,2.925005579359575,4,20,1,3.6773327017265363,3.6773327017265363,4,20,1,46.179211829710795,3.339733970884309,0,21,1,6.794153054025639,-5.420160657678703,9,18,1,52.493070964266394,4.796644379030998,3,16,1,24.970741819247475,1.026834671553184,9,15,1,63.805104965004446,1.2769389928286,4,12,1,0.0,-0.9071463426065542,1,14,1,8.999633639241575,1.0274540020190044,6,23,1,0.0,-3.053744661381016,7,22,1,35.82882195482096,-2.4802631277358462,8,12,1,65.81877527051358,0.3388699032842817,11,18,1,46.631494875530926,3.5954803553340637,6,14,1,34.14238130885674,-4.206291362518562,11,23,1,62.612380429307656,0.2514385926566429,8,14,1,17.850817388362675,-1.6941441083693756,11,22,1,22.85649660278865,0.3137118528231986,0,17,1,34.91733972240899,-6.855068814745124,0,17
3,8,350.2761856803535,351.72097874061,405.74679433617314,1645.7555486856545,1,41.07568803368297,-1.2926945265616208,8,21,1,4.620845252175216,3.012386196306725,2,22,1,57.815889514455755,2.219826491142541,4,20,1,0.0,-2.5741328912085755,4,20,1,51.93584822123605,5.756636391525256,0,21,1,1.134769520980595,-3.9615684731315306,9,18,1,48.58464884585577,-2.735895482887437,3,16,1,28.677498876355877,3.7067570571083994,9,15,1,66.37340274641595,2.5682977814114962,4,12,1,0.0,-0.0,1,14,1,2.7791741365589857,-4.354321651877813,6,23,1,3.9782276530449026,3.9782276530449026,7,22,1,30.59254766309487,-3.6653920042082637,8,12,1,58.931507023467,-4.82108777293261,11,18,1,51.33159833454508,4.700103459014155,6,14,1,38.87946569997366,4.737084391116919,11,23,1,63.2243869997952,0.6120065704875426,8,14,1,16.789942124095102,-0.7426126849873014,11,22,1,22.4170976466306,-0.3075792693106336,0,17,1,27.21555661698671,-5.391248173795596,0,17
3,9,463.9718946848332,434.9391417719785,469.05676539385644,16828.494893064286,1,33.1013816139548,-5.58201449380972,8,21,1,4.0817094659221205,-0.3773950503771668,2,22,1,57.815889514455755,0.0,4,20,1,0.0,0.0,4,20,1,51.93584822123605,0.0,0,21,1,1.134769520980595,0.0,9,18,1,48.58464884585577,0.0,3,16,1,28.677498876355877,0.0,9,15,1,63.13570402622389,-2.266389104134438,4,12,1,0.0,0.0,1,14,1,2.7791741365589857,0.0,6,23,1,1.0678982145468376,-2.037230606948645,7,22,1,23.532162746061818,-4.942269441923136,8,12,1,54.00915365629223,-3.445647357022342,11,18,1,51.33159833454508,0.0,6,14,1,34.009751215282215,-3.4088001392840104,11,23,1,63.2243869997952,0.0,8,14,1,7.686656622931137,-6.372299850814775,11,22,1,22.4170976466306,0.0,0,17,1,26.357403947643142,-0.6007068685404977,0,17
3,10,519.170567180179,533.1619262695312,597.952264187669,-6562.7373046875,1,33.1013816139548,0.0,8,21,1,4.0817094659221205,0.0,2,22,1,57.815889514455755,0.0,4,20,1,0.0,0.0,4,20,1,51.93584822123605,0.0,0,21,1,1.134769520980595,0.0,9,18,1,48.58464884585577,0.0,3,16,1,28.677498876355877,0.0,9,15,1,70.13506363392042,6.999359607696533,4,12,1,0.0,0.0,1,14,1,2.7791741365589857,0.0,6,23,1,1.0678982145468376,0.0,7,22,1,30.52415378915264,6.99199104309082,8,12,1,54.00915365629223,0.0,11,18,1,51.33159833454508,0.0,6,14,1,34.009751215282215,0.0,11,23,1,63.2243869997952,0.0,8,14,1,7.686656622931137,0.0,11,22,1,22.4170976466306,0.0,0,17,1,26.357403947643142,0.0,0,17
3,11,517.6390345522575,498.53142199079497,584.2624528091171,115267.02912810174,1,33.1013816139548,0.0,8,21,1,0.0,-2.8571966261454844,2,22,1,57.815889514455755,0.0,4,20,1,0.0,-0.0,4,20,1,51.93584822123605,0.0,0,21,1,0.02988076854107602,-0.7734221267076633,9,18,1,40.722458529503,-5.503533221446936,3,16,1,28.677498876355877,0.0,9,15,1,76.47664386444697,6.34158023052655,4,12,1,0.0,-0.0,1,14,1,0.0,-1.9454218955912899,6,23,1,0.0,-0.7475287501827864,7,22,1,30.52415378915264,0.0,8,12,1,48.3450930267464,-3.9648424406820815,11,18,1,50.90122693286836,-0.30125998117370023,6,14,1,24.328539987896807,-6.776847859169784,11,23,1,63.2243869997952,0.0,8,14,1,7.686656622931137,0.0,11,22,1,18.732612088217213,-2.5791398908893717,0,17,1,26.357403947643142,0.0,0,17
3,12,547.3196452641257,547.2061016773783,348.56221327428636,37128.52296200989,1,33.1013816139548,0.0,8,21,1,0.0,0.0,2,22,1,53.747549796809956,-2.847837802352061,4,20,1,0.0,-0.0,4,20,1,51.93584822123605,0.0,0,21,1,0.0,-0.020916537978753213,9,18,1,40.722458529503,0.0,3,16,1,22.405469515747647,-4.390420552425762,9,15,1,78.3000597338957,1.8234158694487244,4,12,1,0.0,0.0,1,14,1,0.0,-0.0,6,23,1,0.0,0.0,7,22,1,35.014359495088534,4.490205705935898,8,12,1,48.3450930267464,0.0,11,18,1,54.89427341991858,3.9930464870502123,6,14,1,24.328539987896807,0.0,11,23,1,66.60587955304291,3.3814925532477176,8,14,1,7.686656622931137,0.0,11,22,1,13.319334390120078,-3.7892943886679937,0,17,1,22.42421120334976,-2.753234921005367,0,17
3,13,566.238799076811,560.9628659706589,314.9846966631974,21005.74406555087,1,28.294042193840838,-3.3651375940797728,8,21,1,0.0,0.0,2,22,1,53.747549796809956,0.0,4,20,1,0.0,-0.0,4,20,1,51.93584822123605,0.0,0,21,1,0.0,0.0,9,18,1,35.392654703252035,-3.730862678375674,3,16,1,22.405469515747647,0.0,9,15,0,0.0,0.0,-1,-1,1,0.6138780986639853,0.6138780986639853,1,14,1,0.0,0.0,6,23,1,0.0,-0.0,7,22,0,0.0,0.0,-1,-1,1,48.3450930267464,0.0,11,18,1,54.89427341991858,0.0,6,14,1,24.328539987896807,0.0,11,23,1,69.49080196243102,2.8849224093881176,8,14,1,7.686656622931137,0.0,11,22,1,13.319334390120078,0.0,0,17,1,20.02602071513714,-1.6787333417488335,0,17
3,14,563.2331964929957,596.9521484375,391.7026919378994,-10620.955078125,1,28.294042193840838,0.0,8,21,1,0.0,0.0,2,22,1,53.747549796809956,0.0,4,20,1,0.0,0.0,4,20,1,51.93584822123605,0.0,0,21,1,0.0,0.0,9,18,1,41.45417480289193,6.061520099639893,3,16,1,29.17984018606625,6.7743706703186035,9,15,0,0.0,0.0,-1,-1,1,7.557014313873946,6.943136215209961,1,14,1,0.0,0.0,6,23,1,0.0,0.0,7,22,0,0.0,0.0,-1,-1,1,48.3450930267464,0.0,11,18,1,61.83840336376623,6.944129943847656,6,14,1,24.328539987896807,0.0,11,23,1,76.48659864288146,6.9957966804504395,8,14,1,7.686656622931137,0.0,11,22,1,13.319334390120078,0.0,0,17,1,20.02602071513714,0.0,0,17
3,15,588.4237910887573,578.0886625753539,535.6681234230056,45426.97062502,1,19.93338656217501,-5.852458942166079,8,21,1,0.0,-0.0,2,22,1,53.747549796809956,0.0,4,20,1,0.0,0.0,4,20,1,45.90677219554411,-4.220353217984362,0,21,1,0.0,-0.0,9,18,1,43.092292103567665,1.63811730067574,3,16,1,29.425709952552474,0.24586976648622438,9,15,0,0.0,0.0,-1,-1,0,0.0,0.0,-1,-1,1,0.0,-0.0,6,23,1,0.0,0.0,7,22,0,0.0,0.0,-1,-1,1,41.94769043773142,-4.478181812310486,11,18,0,0.0,0.0,-1,-1,1,21.274317754321515,-2.1379555635027048,11,23,0,0.0,0.0,-1,-1,1,7.686656622931137,0.0,11,22,1,13.640712586129943,0.3213781960098656,0,17,1,24.17447647452548,4.14845575938834,0,17
3,16,621.7515255722988,656.7269287109375,616.2664358952811,-19052.30452905679,1,19.93338656217501,0.0,8,21,1,0.0,0.0,2,22,1,53.747549796809956,0.0,4,20,1,0.0,0.0,4,20,1,45.90677219554411,0.0,0,21,1,6.986607551574707,6.986607551574707,9,18,1,50.08350113371903,6.991209030151367,3,16,0,0.0,0.0,-1,-1,0,0.0,0.0,-1,-1,0,0.0,0.0,-1,-1,1,0.0,0.0,6,23,1,0.0,0.0,7,22,0,0.0,0.0,-1,-1,1,48.94698662608591,6.999296188354492,11,18,0,0.0,0.0,-1,-1,1,21.274317754321515,0.0,11,23,0,0.0,0.0,-1,-1,1,7.686656622931137,0.0,11,22,1,20.639345493997375,6.998632907867432,0,17,1,31.174127429725676,6.999650955200195,0,17
3,17,743.1134306397349,744.731688390133,885.5667624499589,4684.682086704088,1,19.93338656217501,0.0,8,21,1,0.0,-0.0,2,22,1,53.747549796809956,0.0,4,20,1,0.0,0.0,4,20,1,41.35539611302968,-3.1859632577601005,0,21,1,6.986607551574707,0.0,9,18,0,0.0,0.0,-1,-1,0,0.0,0.0,-1,-1,0,0.0,0.0,-1,-1,0,0.0,0.0,-1,-1,1,0.0,-0.0,6,23,1,0.0,-0.0,7,22,0,0.0,0.0,-1,-1,1,53.751207634244054,4.8042210081581445,11,18,0,0.0,0.0,-1,-1,1,21.274317754321515,0.0,11,23,0,0.0,0.0,-1,-1,1,7.686656622931137,0.0,11,22,1,20.639345493997375,0.0,0,17,1,31.174127429725676,0.0,0,17
3,18,735.5584254843734,763.2692260742188,965.6694665269353,-25283.994382464407,1,19.93338656217501,0.0,8,21,1,0.0,0.0,2,22,1,60.685472274532124,6.937922477722168,4,20,1,6.976840496063232,6.976840496063232,4,20,1,41.35539611302968,0.0,0,21,1,13.784141540527344,6.797533988952637,9,18,0,0.0,0.0,-1,-1,0,0.0,0.0,-1,-1,0,0.0,0.0,-1,-1,0,0.0,0.0,-1,-1,1,0.0,0.0,6,23,1,0.0,0.0,7,22,0,0.0,0.0,-1,-1,1,60.74975232723722,6.998544692993164,11,18,0,0.0,0.0,-1,-1,1,21.274317754321515,0.0,11,23,0,0.0,0.0,-1,-1,1,7.686656622931137,0.0,11,22,0,0.0,0.0,-1,-1,0,0.0,0.0,-1,-1
3,19,668.0300344641757,676.4620660040313,772.5346747849362,-14440.305493044085,1,24.907965110696008,4.974578548520999,8,21,1,0.0,-0.0,2,22,1,62.42706672998239,1.741594455450267,4,20,1,6.976840496063232,0.0,4,20,1,47.35648321296643,6.001087099936753,0,21,0,0.0,0.0,-1,-1,0,0.0,0.0,-1,-1,0,0.0,0.0,-1,-1,0,0.0,0.0,-1,-1,0,0.0,0.0,-1,-1,1,0.0,-0.0,6,23,1,0.0,0.0,7,22,0,0.0,0.0,-1,-1,0,0.0,0.0,-1,-1,0,0.0,0.0,-1,-1,1,21.274317754321515,0.0,11,23,0,0.0,0.0,-1,-1,1,1.5649015314276564,-4.285228564052436,11,22,0,0.0,0.0,-1,-1,0,0.0,0.0,-1,-1
3,20,508.06268113507497,526.7869007130671,536.6161508618602,-14465.108882285851,1,27.1184938993626,2.2105287886665947,8,21,1,0.0,0.0,2,22,1,65.30128792679518,2.874221196812788,4,20,1,6.976840496063232,0.0,4,20,1,52.71929202825487,5.362808815288439,0,21,0,0.0,0.0,-1,-1,0,0.0,0.0,-1,-1,0,0.0,0.0,-1,-1,0,0.0,0.0,-1,-1,0,0.0,0.0,-1,-1,1,0.0,-0.0,6,23,1,5.312596691252708,5.312596691252708,7,22,0,0.0,0.0,-1,-1,0,0.0,0.0,-1,-1,0,0.0,0.0,-1,-1,1,21.274317754321515,0.0,11,23,0,0.0,0.0,-1,-1,1,4.528965617399213,2.9640640859715566,11,22,0,0.0,0.0,-1,-1,0,0.0,0.0,-1,-1
3,21,470.4527196535236,489.15101295216664,211.4639391105606,-10674.666617153738,1,33.65466644872544,6.53617254936284,8,21,1,1.7547197636731564,1.7547197636731564,2,22,0,0.0,0.0,-1,-1,0,0.0,0.0,-1,-1,1,57.97818060358311,5.258888575328244,0,21,0,0.0,0.0,-1,-1,0,0.0,0.0,-1,-1,0,0.0,0.0,-1,-1,0,0.0,0.0,-1,-1,0,0.0,0.0,-1,-1,1,0.3402565522825223,0.3402565522825223,6,23,1,5.312596691252708,0.0,7,22,0,0.0,0.0,-1,-1,0,0.0,0.0,-1,-1,0,0.0,0.0,-1,-1,1,25.128437140305333,3.854119385983819,11,23,0,0.0,0.0,-1,-1,1,5.483102089411674,0.954136472012461,11,22,0,0.0,0.0,-1,-1,0,0.0,0.0,-1,-1
3,22,308.1655747581523,339.1515808105469,192.76607571860615,-7233.70463966307,0,0.0,0.0,-1,-1,1,8.06938937274298,6.314669609069824,2,22,0,0.0,0.0,-1,-1,0,0.0,0.0,-1,-1,0,0.0,0.0,-1,-1,0,0.0,0.0,-1,-1,0,0.0,0.0,-1,-1,0,0.0,0.0,-1,-1,0,0.0,0.0,-1,-1,0,0.0,0.0,-1,-1,1,6.559296946111868,6.219040393829346,6,23,1,11.224857700469016,5.912261009216309,7,22,0,0.0,0.0,-1,-1,0,0.0,0.0,-1,-1,0,0.0,0.0,-1,-1,1,31.090302565415197,5.961865425109863,11,23,0,0.0,0.0,-1,-1,1,12.061254269129691,6.578152179718018,11,22,0,0.0,0.0,-1,-1,0,0.0,0.0,-1,-1
3,23,276.5003379259678,284.5987548828125,131.47426720064797,-2813.324887915877,0,0.0,0.0,-1,-1,0,0.0,0.0,-1,-1,0,0.0,0.0,-1,-1,0,0.0,0.0,-1,-1,0,0.0,0.0,-1,-1,0,0.0,0.0,-1,-1,0,0.0,0.0,-1,-1,0,0.0,0.0,-1,-1,0,0.0,0.0,-1,-1,0,0.0,0.0,-1,-1,1,8.582268337789724,2.0229713916778564,6,23,0,0.0,0.0,-1,-1,0,0.0,0.0,-1,-1,0,0.0,0.0,-1,-1,0,0.0,0.0,-1,-1,1,37.165753462632,6.075450897216797,11,23,0,0.0,0.0,-1,-1,0,0.0,0.0,-1,-1,0,0.0,0.0,-1,-1,0,0.0,0.0,-1,-1
3,24,207.4626420574532,207.4626420574532,117.67003677871702,-1108.8898009041277,0,0.0,0.0,-1,-1,0,0.0,0.0,-1,-1,0,0.0,0.0,-1,-1,0,0.0,0.0,-1,-1,0,0.0,0.0,-1,-1,0,0.0,0.0,-1,-1,0,0.0,0.0,-1,-1,0,0.0,0.0,-1,-1,0,0.0,0.0,-1,-1,0,0.0,0.0,-1,-1,0,0.0,0.0,-1,-1,0,0.0,0.0,-1,-1,0,0.0,0.0,-1,-1,0,0.0,0.0,-1,-1,0,0.0,0.0,-1,-1,0,0.0,0.0,-1,-1,0,0.0,0.0,-1,-1,0,0.0,0.0,-1,-1,0,0.0,0.0,-1,-1,0,0.0,0.0,-1,-1
4,1,193.47891745765637,171.7517584507716,87.57701853634428,4256.404602373065,1,34.14891584946694,0.0,7,15,1,28.80487086317361,0.0,2,19,1,48.40699394019983,0.0,4,16,1,25.48614928376086,0.0,10,16,1,54.19568562073001,-1.091592841211155,1,22,1,23.93785085064877,0.0,9,21,1,37.90784365498007,-5.079935726225066,10,12,1,42.55141604190335,-6.373783352464734,4,12,1,42.29951965049227,0.0,10,17,1,28.73455756944695,0.0,0,13,1,30.82351265690944,0.0,11,18,1,38.10183667363644,0.0,5,21,1,39.35619303925648,0.0,0,16,1,46.21408432211534,-2.535717439060261,9,20,1,49.832725167918824,-1.639945171047315,4,14,1,27.397966359192345,0.0,1,15,1,40.012044875046435,0.0,8,13,1,23.813886477893128,0.0,6,12,1,39.69285382936866,-4.25181272351888,11,15,1,58.28800632095731,-0.7543717533573371,4,23
4,2,146.2391849594522,116.72330287472931,19.616060670779543,3692.7327892147523,1,34.14891584946694,0.0,7,15,1,20.102847238232464,-6.0914165374588025,2,19,1,48.40699394019983,0.0,4,16,1,25.48614928376086,0.0,10,16,1,54.19568562073001,0.0,1,22,1,23.93785085064877,0.0,9,21,1,36.91767878282855,-0.6931154105060624,10,12,1,42.55141604190335,0.0,4,12,1,41.993566459948596,-0.2141672333805711,10,17,1,20.154627313985415,-6.005951178823074,0,13,1,30.82351265690944,0.0,11,18,1,32.809210965467315,-3.7048379957183877,5,21,1,39.35619303925648,0.0,0,16,1,39.5548001914136,-4.66149889149122,9,20,1,40.600733830139696,-6.46239393644539,4,14,1,25.450122255809443,-1.3634908723680321,1,15,1,40.012044875046435,0.0,8,13,1,23.358157865705515,-0.319010028531328,6,12,1,39.69285382936866,0.0,11,15,1,58.28800632095731,0.0,4,23
4,3,143.6977248449826,283.65155029296875,-25.094105991251304,-2745.342529296875,1,41.14678192138672,6.997866630554199,7,15,1,27.088342328717083,6.985495090484619,2,19,1,55.406795501708984,6.999800205230713,4,16,1,32.486114501953125,6.999964714050293,10,16,1,61.19493221802005,6.999246597290039,1,22,1,30.927343368530273,6.989492893218994,9,21,1,43.917513320334656,6.9998345375061035,10,12,1,49.55114376788602,6.999727725982666,4,12,1,48.991231388384875,6.997664928436279,10,17,1,27.154123297109194,6.999495983123779,0,13,1,37.82246017456055,6.998948097229004,11,18,1,39.809198090864044,6.9999871253967285,5,21,1,46.355812072753906,6.999617099761963,0,16,1,46.554681935798364,6.999881744384766,9,20,1,47.60070331256157,6.999969482421875,4,14,1,32.44124259424939,6.991120338439941,1,15,1,47.00956344604492,6.9975199699401855,8,13,1,30.358118288221384,6.999960422515869,6,12,1,46.6923765153733,6.999522686004639,11,15,1,65.28671123123563,6.99870491027832,4,23
4,4,144.20864198402427,163.6812207519788,-38.40247818565606,176.10561828130844,1,32.797861952951,-5.844243977905,7,15,1,27.312074322071126,0.22373199335404204,2,19,1,62.31644367262224,6.909648170913257,4,16,1,31.806411350431215,-0.4757922060653377,10,16,1,64.8595782607822,3.664646042762151,1,22,1,25.382355274099734,-3.8814916661013785,9,21,1,46.51878757284607,2.601274252511417,10,12,1,42.1698534747197,-5.166903205216421,4,12,1,49.959288756014175,0.9680573676292994,10,17,1,25.38702786266999,-1.2369668041074453,0,13,1,29.951257246979107,-5.509842049307008,11,18,1,46.08209747455097,6.272899383686927,5,21,1,50.06815255292549,3.7123404801715814,0,16,1,50.9204180399476,4.365736104149234,9,20,1,48.129862587061716,0.5291592745001459,4,14,1,38.164304238386684,5.723061644137299,1,15,1,53.67714976173639,6.667586315691462,8,13,1,29.76278219540311,-0.41673526497279245,6,12,1,37.36500998474096,-6.529156571442638,11,15,1,72.18228071480138,6.895569483565752,4,23
4,5,157.3826605205216,157.3826605205216,0.0,0.0,1,32.797861952951,0.0,7,15,1,27.312074322071126,0.0,2,19,1,62.31644367262224,0.0,4,16,1,31.806411350431215,0.0,10,16,1,64.8595782607822,0.0,1,22,1,25.382355274099734,0.0,9,21,1,46.51878757284607,0.0,10,12,1,42.1698534747197,0.0,4,12,1,49.959288756014175,0.0,10,17,1,25.38702786266999,0.0,0,13,1,29.951257246979107,0.0,11,18,1,46.08209747455097,0.0,5,21,1,50.06815255292549,0.0,0,16,1,50.9204180399476,0.0,9,20,1,48.129862587061716,0.0,4,14,1,38.164304238386684,0.0,1,15,1,53.67714976173639,0.0,8,13,1,29.76278219540311,0.0,6,12,1,37.36500998474096,0.0,11,15,1,72.18228071480138,0.0,4,23
4,6,181.09422146741227,184.07851631655487,46.268034872640584,0.0,1,38.81262395500668,6.014762002055675,7,15,1,31.51930190137634,4.207227579305215,2,19,1,56.55298623768991,-4.034420204452633,4,16,1,38.07501689075555,6.268605540324333,10,16,1,63.940412272902904,-0.643416191515507,1,22,1,27.984849109455837,2.602493835356103,9,21,1,50.37800286448226,3.8592152916361915,10,12,1,35.223791071546614,-4.8622436822211625,4,12,1,42.287935694003906,-5.36994714340719,10,17,1,22.48569694677276,-2.0309316411280602,0,13,1,24.25156221013238,-3.989786525792708,11,18,1,43.62009953298782,-1.7233985590942018,5,21,1,50.50145269360062,0.43330014067513223,0,16,1,55.792210761290036,4.871792721342439,9,20,1,43.491473509968245,-3.246872353965429,4,14,1,42.039821498479505,3.8755172600928214,1,15,1,47.93530216736626,-4.01929331605909,8,13,1,34.90823706272437,5.145454867321257,6,12,1,35.88323608842799,-1.0372417274190744,11,15,1,67.41581922349923,-3.336523043911506,4,23
4,7,263.2170243791489,403.11749267578125,179.4301363183243,-6472.919921875,1,45.81243512749203,6.999811172485352,7,15,1,38.5185585122467,6.999256610870361,2,19,1,63.55287131993478,6.999885082244873,4,16,1,45.073640738716975,6.998623847961426,10,16,1,70.93722843119758,6.996816158294678,1,22,1,34.981684818074,6.996835708618164,9,21,1,57.32659123575912,6.9485883712768555,10,12,1,42.21887821830565,6.995087146759033,4,12,1,49.287174185062256,6.99923849105835,10,17,1,29.482704316767876,6.997007369995117,0,13,1,31.25132617573907,6.9997639656066895,11,18,1,50.62003849783157,6.99993896484375,5,21,1,57.50137544598099,6.999922752380371,0,16,1,62.79150027392431,6.999289512634277,9,20,1,50.49072916716429,6.999255657196045,4,14,1,49.02296053656544,6.9831390380859375,1,15,1,54.93497124237847,6.999669075012207,8,13,1,41.90755947712256,6.999322414398193,6,12,1,42.880029835376234,6.996793746948242,11,15,1,74.408057268238,6.9922380447387695,4,23
4,8,368.19808307796234,351.1135835166411,370.5708085516988,6963.544025638604,1,49.07655854575593,3.2641234182638974,7,15,1,32.70099090862015,-4.072297322538587,2,19,1,67.51646418171265,3.963592861777865,4,16,1,37.874662639052445,-5.039284669765172,10,16,1,68.39192395446611,-1.781713133712033,1,22,1,41.20791871880573,6.226233900731726,9,21,1,49.20329401641358,-5.686308053541878,10,12,1,34.70499519355202,-5.259718117327536,4,12,1,52.3075316861828,3.0203575011205404,10,17,1,21.872835178904236,-5.326908396504549,0,13,1,35.03762973573461,3.786303559995543,11,18,1,44.987982662660606,-3.942439084619676,5,21,1,60.75628860722267,3.254913161241685,0,16,1,68.41995447718949,5.628454203265172,9,20,1,44.91890612719175,-3.9002761279807787,4,14,1,51.37515934316616,2.3521988066007147,1,15,1,47.70615701889473,-5.060169956438616,8,13,1,34.34420658601749,-5.294347023773551,6,12,1,44.99037229778932,2.110342462413089,11,15,1,66.79726076748213,-5.327557550529111,4,23
4,9,477.22487764513795,453.21600547484456,641.6977147749384,12709.981675085717,1,49.07655854575593,0.0,7,15,1,28.03520349877291,-3.2660511868930677,2,19,1,67.51646418171265,0.0,4,16,1,37.50699412447356,-0.25736796020521946,10,16,1,68.39192395446611,0.0,1,22,1,31.974699324950258,-6.463253575698829,9,21,1,49.20329401641358,0.0,10,12,1,34.70499519355202,0.0,4,12,1,52.3075316861828,0.0,10,17,1,21.872835178904236,0.0,0,13,1,35.03762973573461,0.0,11,18,1,40.21968375926712,-3.337809232375442,5,21,1,60.75628860722267,0.0,0,16,1,64.77210775179698,-2.5534927077747582,9,20,1,44.91890612719175,0.0,4,14,1,48.62745776033519,-1.9233911079816808,1,15,1,47.70615701889473,0.0,8,13,1,26.6679482804256,-5.373380813914326,6,12,1,44.99037229778932,0.0,11,15,1,65.60565278826775,-0.8341255854500689,4,23
4,10,515.3200766445967,536.3193359375,576.5124013760507,-13475.201171875,1,49.07655854575593,0.0,7,15,1,28.03520349877291,0.0,2,19,1,67.51646418171265,0.0,4,16,1,37.50699412447356,0.0,10,16,1,68.39192395446611,0.0,1,22,1,31.974699324950258,0.0,9,21,1,56.20324156432618,6.999947547912598,10,12,1,41.704453506540304,6.999458312988281,4,12,1,52.3075316861828,0.0,10,17,1,21.872835178904236,0.0,0,13,1,35.03762973573461,0.0,11,18,1,40.21968375926712,0.0,5,21,1,60.75628860722267,0.0,0,16,1,64.77210775179698,0.0,9,20,1,44.91890612719175,0.0,4,14,1,48.62745776033519,0.0,1,15,1,47.70615701889473,0.0,8,13,1,33.66783908471637,6.9998908042907715,6,12,1,44.99037229778932,0.0,11,15,1,65.60565278826775,0.0,4,23
4,11,511.28887353008014,475.60890056755306,714.5327509555433,182505.63013657156,1,45.84392791723011,-2.2628414399680734,7,15,1,28.03520349877291,0.0,2,19,1,58.826365443773774,-6.083069116557214,4,16,1,30.7384763401531,-4.73796244902432,10,16,1,59.35319357059124,-6.327111268712408,1,22,1,30.939072061120914,-0.7249390846805408,9,21,1,62.28728277657539,6.084041212249209,10,12,1,41.704453506540304,0.0,4,12,1,43.029469537301665,-6.494643504216791,10,17,1,21.872835178904236,0.0,0,13,1,35.03762973573461,0.0,11,18,1,33.25311164123071,-4.876600482625486,5,21,1,52.19241777375864,-5.99470958342482,0,16,1,62.818768773155334,-1.3673372850491534,9,20,1,42.39135411500801,-1.769286408528615,4,14,1,48.62745776033519,0.0,1,15,1,47.70615701889473,0.0,8,13,1,34.76090171030084,1.0930626255844764,6,12,1,44.99037229778932,0.0,11,15,1,62.43625824887727,-2.21857617757333,4,23
4,12,519.7485812531806,505.51519513430185,458.91581204270875,132824.48760810602,1,45.84392791723011,0.0,7,15,1,23.99495772091246,-2.8281720445023133,2,19,1,57.88474232321541,-0.6591361843908514,4,16,1,30.7384763401531,0.0,10,16,1,54.831682404657485,-3.165057816153629,1,22,1,21.332029281934556,-6.724929945430452,9,21,1,62.28728277657539,0.0,10,12,1,43.19350173900358,1.4890482324632757,4,12,1,43.029469537301665,0.0,10,17,1,21.872835178904236,0.0,0,13,1,27.081944750768915,-5.568979489475987,11,18,1,31.01530648425423,-1.5664636098835376,5,21,1,52.19241777375864,0.0,0,16,1,56.29712288906756,-4.565152118861442,9,20,1,49.30744314069553,6.9160890256875165,4,14,1,48.62745776033519,0.0,1,15,1,52.39974933271992,4.693592313825192,8,13,1,35.63800899173115,0.877107281430302,6,12,1,40.60813154656965,-3.0675685258537664,11,15,1,62.34516790925858,-0.06376323773308856,4,23
4,13,634.3222931520008,676.3175659179688,381.0020402224546,-20072.020738558665,1,52.84309822057484,6.999170303344727,7,15,1,23.99495772091246,0.0,2,19,1,57.88474232321541,0.0,4,16,1,30.7384763401531,0.0,10,16,1,54.831682404657485,0.0,1,22,1,21.332029281934556,0.0,9,21,0,0.0,0.0,-1,-1,0,0.0,0.0,-1,-1,1,43.029469537301665,0.0,10,17,1,28.87131645255536,6.998481273651123,0,13,1,27.081944750768915,0.0,11,18,1,31.01530648425423,0.0,5,21,1,52.19241777375864,0.0,0,16,1,56.29712288906756,0.0,9,20,1,56.30740880842014,6.999965667724609,4,14,1,55.62646832323192,6.9990105628967285,1,15,1,59.39872604017842,6.998976707458496,8,13,0,0.0,0.0,-1,-1,1,47.60782446343977,6.999692916870117,11,15,1,62.34516790925858,0.0,4,23
4,14,622.1195516586479,627.2919272390749,512.6922296133741,4475.699729287634,1,56.976746491435705,4.1336482708608635,7,15,1,22.851597972508856,-0.800351823882522,2,19,1,58.93364337026607,1.0489010470506552,4,16,1,32.409794303841345,1.6713179636882463,10,16,1,54.64083153107882,-0.1335956115050687,1,22,1,21.332029281934556,0.0,9,21,0,0.0,0.0,-1,-1,0,0.0,0.0,-1,-1,1,43.029469537301665,0.0,10,17,0,0.0,0.0,-1,-1,1,24.026355886899747,-2.1389122047084173,11,18,1,31.01530648425423,0.0,5,21,1,53.895804969899835,1.7033871961411915,0,16,1,50.99435570712685,-3.7119370273584957,9,20,1,56.30740880842014,0.0,4,14,1,55.62646832323192,0.0,1,15,0,0.0,0.0,-1,-1,0,0.0,0.0,-1,-1,1,51.57328968030049,3.9654652168607187,11,15,1,61.53724298537264,-0.565547446720154,4,23
4,15,657.1132456885242,699.0889282226562,530.4784415892334,-21869.794496755625,1,56.976746491435705,0.0,7,15,1,22.851597972508856,0.0,2,19,1,65.93281987249385,6.999176502227783,4,16,1,39.409220668740026,6.999426364898682,10,16,1,54.64083153107882,0.0,1,22,1,21.332029281934556,0.0,9,21,0,0.0,0.0,-1,-1,0,0.0,0.0,-1,-1,1,50.02092843012393,6.991458892822266,10,17,0,0.0,0.0,-1,-1,1,24.026355886899747,0.0,11,18,1,31.01530648425423,0.0,5,21,1,60.89414843761224,6.998343467712402,0,16,1,50.99435570712685,0.0,9,20,0,0.0,0.0,-1,-1,1,62.62202086305736,6.9955525398254395,1,15,0,0.0,0.0,-1,-1,0,0.0,0.0,-1,-1,1,58.56504230481221,6.991752624511719,11,15,1,61.53724298537264,0.0,4,23
4,16,655.2678519189318,643.7634575738925,159.050902412886,53919.05722352479,0,0.0,0.0,-1,-1,1,13.002956399052106,-6.894049101419724,2,19,1,66.66186656392445,0.7290466914305924,4,16,1,39.409220668740026,0.0,10,16,1,54.64083153107882,0.0,1,22,1,17.262630549382063,-2.8485791127867457,9,21,0,0.0,0.0,-1,-1,0,0.0,0.0,-1,-1,1,50.02092843012393,0.0,10,17,0,0.0,0.0,-1,-1,1,24.026355886899747,0.0,11,18,1,31.01530648425423,0.0,5,21,1,60.89414843761224,0.0,0,16,1,50.99435570712685,0.0,9,20,0,0.0,0.0,-1,-1,0,0.0,0.0,-1,-1,0,0.0,0.0,-1,-1,0,0.0,0.0,-1,-1,0,0.0,0.0,-1,-1,1,57.978938953567805,-2.4908128222633845,4,23
4,17,724.9472931651197,745.7899780273438,719.746630641921,-3583.575827895472,0,0.0,0.0,-1,-1,1,19.8694343653607,6.866477966308594,2,19,0,0.0,0.0,-1,-1,0,0.0,0.0,-1,-1,1,54.64083153107882,0.0,1,22,1,17.262630549382063,0.0,9,21,0,0.0,0.0,-1,-1,0,0.0,0.0,-1,-1,1,57.006071614785796,6.985143184661865,10,17,0,0.0,0.0,-1,-1,1,31.017427587949552,6.991071701049805,11,18,1,31.01530648425423,0.0,5,21,0,0.0,0.0,-1,-1,1,50.99435570712685,0.0,9,20,0,0.0,0.0,-1,-1,0,0.0,0.0,-1,-1,0,0.0,0.0,-1,-1,0,0.0,0.0,-1,-1,0,0.0,0.0,-1,-1,1,57.978938953567805,0.0,4,23
4,18,703.4876367947625,719.4678955078125,747.4803556115573,-11735.32188205969,0,0.0,0.0,-1,-1,1,24.9127636042523,5.043329238891602,2,19,0,0.0,0.0,-1,-1,0,0.0,0.0,-1,-1,1,54.64083153107882,0.0,1,22,1,17.262630549382063,0.0,9,21,0,0.0,0.0,-1,-1,0,0.0,0.0,-1,-1,0,0.0,0.0,-1,-1,0,0.0,0.0,-1,-1,1,37.899611616575044,6.882184028625488,11,18,1,31.01530648425423,0.0,5,21,0,0.0,0.0,-1,-1,1,55.04911234851479,4.0547566413879395,9,20,0,0.0,0.0,-1,-1,0,0.0,0.0,-1,-1,0,0.0,0.0,-1,-1,0,0.0,0.0,-1,-1,0,0.0,0.0,-1,-1,1,57.978938953567805,0.0,4,23
4,19,594.387786893359,604.765869140625,629.722117726605,-30336.952682531813,0,0.0,0.0,-1,-1,1,27.87395907315489,2.961195468902588,2,19,0,0.0,0.0,-1,-1,0,0.0,0.0,-1,-1,1,54.64083153107882,0.0,1,22,1,19.698670235585066,2.436039686203003,9,21,0,0.0,0.0,-1,-1,0,0.0,0.0,-1,-1,0,0.0,0.0,-1,-1,0,0.0,0.0,-1,-1,0,0.0,0.0,-1,-1,1,34.17367721751533,3.1583707332611084,5,21,0,0.0,0.0,-1,-1,1,57.167798070865864,2.118685722351074,9,20,0,0.0,0.0,-1,-1,0,0.0,0.0,-1,-1,0,0.0,0.0,-1,-1,0,0.0,0.0,-1,-1,0,0.0,0.0,-1,-1,1,57.55577515213615,-0.29621466994285583,4,23
4,20,490.26916425591395,495.90943753839565,450.75359415456336,-2374.642937704619,0,0.0,0.0,-1,-1,0,0.0,0.0,-1,-1,0,0.0,0.0,-1,-1,0,0.0,0.0,-1,-1,1,58.780934416122754,4.140102885043937,1,22,1,21.219707980642927,1.5210377450578607,9,21,0,0.0,0.0,-1,-1,0,0.0,0.0,-1,-1,0,0.0,0.0,-1,-1,0,0.0,0.0,-1,-1,0,0.0,0.0,-1,-1,1,38.37395337619557,4.200276158680237,5,21,0,0.0,0.0,-1,-1,1,57.167798070865864,0.0,9,20,0,0.0,0.0,-1,-1,0,0.0,0.0,-1,-1,0,0.0,0.0,-1,-1,0,0.0,0.0,-1,-1,0,0.0,0.0,-1,-1,1,51.52557014313568,-4.221143506300329,4,23
4,21,491.12192525655854,503.92930765316896,296.2119328865555,-6032.128094759131,0,0.0,0.0,-1,-1,0,0.0,0.0,-1,-1,0,0.0,0.0,-1,-1,0,0.0,0.0,-1,-1,1,62.344965840491106,3.5640314243683506,1,22,1,25.64552110640195,4.425813125759024,9,21,0,0.0,0.0,-1,-1,0,0.0,0.0,-1,-1,0,0.0,0.0,-1,-1,0,0.0,0.0,-1,-1,0,0.0,0.0,-1,-1,1,39.52434089077207,1.1503875145765012,5,21,0,0.0,0.0,-1,-1,0,0.0,0.0,-1,-1,0,0.0,0.0,-1,-1,0,0.0,0.0,-1,-1,0,0.0,0.0,-1,-1,0,0.0,0.0,-1,-1,0,0.0,0.0,-1,-1,1,55.19272047504226,3.6671503319065737,4,23
4,22,301.63653026554766,309.01098809624375,171.41515240313623,-2773.0691870015835,0,0.0,0.0,-1,-1,0,0.0,0.0,-1,-1,0,0.0,0.0,-1,-1,0,0.0,0.0,-1,-1,1,66.7326097859516,4.387643945460488,1,22,0,0.0,0.0,-1,-1,0,0.0,0.0,-1,-1,0,0.0,0.0,-1,-1,0,0.0,0.0,-1,-1,0,0.0,0.0,-1,-1,0,0.0,0.0,-1,-1,0,0.0,0.0,-1,-1,0,0.0,0.0,-1,-1,0,0.0,0.0,-1,-1,0,0.0,0.0,-1,-1,0,0.0,0.0,-1,-1,0,0.0,0.0,-1,-1,0,0.0,0.0,-1,-1,0,0.0,0.0,-1,-1,1,58.179534360277856,2.986813885235602,4,23
4,23,296.5522217843554,297.24407958984375,174.98583384955148,-249.98525833170422,0,0.0,0.0,-1,-1,0,0.0,0.0,-1,-1,0,0.0,0.0,-1,-1,0,0.0,0.0,-1,-1,0,0.0,0.0,-1,-1,0,0.0,0.0,-1,-1,0,0.0,0.0,-1,-1,0,0.0,0.0,-1,-1,0,0.0,0.0,-1,-1,0,0.0,0.0,-1,-1,0,0.0,0.0,-1,-1,0,0.0,0.0,-1,-1,0,0.0,0.0,-1,-1,0,0.0,0.0,-1,-1,0,0.0,0.0,-1,-1,0,0.0,0.0,-1,-1,0,0.0,0.0,-1,-1,0,0.0,0.0,-1,-1,0,0.0,0.0,-1,-1,1,58.87141261945983,0.6918782591819763,4,23
4,24,235.30884772933132,235.30884772933132,89.52041586731289,-400.2093477352187,0,0.0,0.0,-1,-1,0,0.0,0.0,-1,-1,0,0.0,0.0,-1,-1,0,0.0,0.0,-1,-1,0,0.0,0.0,-1,-1,0,0.0,0.0,-1,-1,0,0.0,0.0,-1,-1,0,0.0,0.0,-1,-1,0,0.0,0.0,-1,-1,0,0.0,0.0,-1,-1,0,0.0,0.0,-1,-1,0,0.0,0.0,-1,-1,0,0.0,0.0,-1,-1,0,0.0,0.0,-1,-1,0,0.0,0.0,-1,-1,0,0.0,0.0,-1,-1,0,0.0,0.0,-1,-1,0,0.0,0.0,-1,-1,0,0.0,0.0,-1,-1,0,0.0,0.0,-1,-1
